[admin.pixelstrap.com/cuba/template/index.html]
[backblue.gif]
[fade.gif]
[index.html]
[admin.pixelstrap.com/cuba/assets/images/favicon.png]
[admin.pixelstrap.com/cuba/assets/css/fontawesome.css]
[admin.pixelstrap.com/cuba/assets/css/vendors/icofont.css]
[admin.pixelstrap.com/cuba/assets/css/vendors/themify.css]
[admin.pixelstrap.com/cuba/assets/css/vendors/flag-icon.css]
[admin.pixelstrap.com/cuba/assets/css/vendors/feather-icon.css]
[admin.pixelstrap.com/cuba/assets/css/vendors/slick.css]
[admin.pixelstrap.com/cuba/assets/css/vendors/slick-theme.css]
[admin.pixelstrap.com/cuba/assets/css/vendors/scrollbar.css]
[admin.pixelstrap.com/cuba/assets/css/vendors/animate.css]
[admin.pixelstrap.com/cuba/assets/css/vendors/jquery.dataTables.css]
[admin.pixelstrap.com/cuba/assets/css/vendors/select.bootstrap5.css]
[admin.pixelstrap.com/cuba/assets/css/vendors/bootstrap.css]
[admin.pixelstrap.com/cuba/assets/css/responsive.css]
[admin.pixelstrap.com/cuba/assets/css/style.css]
[admin.pixelstrap.com/cuba/assets/images/logo/logo.png]
[admin.pixelstrap.com/cuba/assets/images/logo/logo_dark.png]
[admin.pixelstrap.com/cuba/assets/images/giftools.gif]
[admin.pixelstrap.com/cuba/assets/images/other-images/cart-img.jpg]
[admin.pixelstrap.com/cuba/assets/images/other-images/cart-img1.jpg]
[admin.pixelstrap.com/cuba/template/cart.html]
[admin.pixelstrap.com/cuba/template/checkout.html]
[admin.pixelstrap.com/cuba/assets/images/dashboard/profile.png]
[admin.pixelstrap.com/cuba/template/sign-up.html]
[admin.pixelstrap.com/cuba/template/mail-box.html]
[admin.pixelstrap.com/cuba/template/task.html]
[admin.pixelstrap.com/cuba/template/add-user.html]
[admin.pixelstrap.com/cuba/template/login.html]
[admin.pixelstrap.com/cuba/assets/images/logo/logo-icon.png]
[admin.pixelstrap.com/cuba/template/dashboard-02.html]
[admin.pixelstrap.com/cuba/template/dashboard-03.html]
[admin.pixelstrap.com/cuba/template/dashboard-04.html]
[admin.pixelstrap.com/cuba/template/dashboard-05.html]
[admin.pixelstrap.com/cuba/template/dashboard-06.html]
[admin.pixelstrap.com/cuba/template/dashboard-07.html]
[admin.pixelstrap.com/cuba/template/dashboard-08.html]
[admin.pixelstrap.com/cuba/template/dashboard-09.html]
[admin.pixelstrap.com/cuba/template/dashboard-10.html]
[admin.pixelstrap.com/cuba/template/dashboard-11.html]
[admin.pixelstrap.com/cuba/template/dashboard-12.html]
[admin.pixelstrap.com/cuba/template/dashboard-13.html]
[admin.pixelstrap.com/cuba/template/general-widget.html]
[admin.pixelstrap.com/cuba/template/chart-widget.html]
[admin.pixelstrap.com/cuba/template/box-layout.html]
[admin.pixelstrap.com/cuba/template/layout-rtl.html]
[admin.pixelstrap.com/cuba/template/layout-dark.html]
[admin.pixelstrap.com/cuba/template/hide-on-scroll.html]
[admin.pixelstrap.com/cuba/template/footer-light.html]
[admin.pixelstrap.com/cuba/template/footer-dark.html]
[admin.pixelstrap.com/cuba/template/footer-fixed.html]
[admin.pixelstrap.com/cuba/template/project-details.html]
[admin.pixelstrap.com/cuba/template/project-list.html]
[admin.pixelstrap.com/cuba/template/createnew.html]
[admin.pixelstrap.com/cuba/template/file-manager.html]
[admin.pixelstrap.com/cuba/template/kanban.html]
[admin.pixelstrap.com/cuba/template/add-products.html]
[admin.pixelstrap.com/cuba/template/product-grid.html]
[admin.pixelstrap.com/cuba/template/products-list.html]
[admin.pixelstrap.com/cuba/template/product-details.html]
[admin.pixelstrap.com/cuba/template/category.html]
[admin.pixelstrap.com/cuba/template/seller-list.html]
[admin.pixelstrap.com/cuba/template/seller-details.html]
[admin.pixelstrap.com/cuba/template/order-history.html]
[admin.pixelstrap.com/cuba/template/order-details.html]
[admin.pixelstrap.com/cuba/template/invoice-1.html]
[admin.pixelstrap.com/cuba/template/invoice-2.html]
[admin.pixelstrap.com/cuba/template/invoice-3.html]
[admin.pixelstrap.com/cuba/template/invoice-4.html]
[admin.pixelstrap.com/cuba/template/invoice-5.html]
[admin.pixelstrap.com/cuba/template/invoice-template.html]
[admin.pixelstrap.com/cuba/template/wishlist.html]
[admin.pixelstrap.com/cuba/template/manage-review.html]
[admin.pixelstrap.com/cuba/template/settings.html]
[admin.pixelstrap.com/cuba/template/private-chat.html]
[admin.pixelstrap.com/cuba/template/group-chat.html]
[admin.pixelstrap.com/cuba/template/user-profile.html]
[admin.pixelstrap.com/cuba/template/user-list.html]
[admin.pixelstrap.com/cuba/template/user-cards.html]
[admin.pixelstrap.com/cuba/template/roles-permission.html]
[admin.pixelstrap.com/cuba/template/product-report.html]
[admin.pixelstrap.com/cuba/template/sales-report.html]
[admin.pixelstrap.com/cuba/template/sales-return.html]
[admin.pixelstrap.com/cuba/template/customer-order.html]
[admin.pixelstrap.com/cuba/template/bookmark.html]
[admin.pixelstrap.com/cuba/template/contacts.html]
[admin.pixelstrap.com/cuba/template/calendar.html]
[admin.pixelstrap.com/cuba/template/social-app.html]
[admin.pixelstrap.com/cuba/template/to-do.html]
[admin.pixelstrap.com/cuba/template/search-result.html]
[admin.pixelstrap.com/cuba/template/form-validation.html]
[admin.pixelstrap.com/cuba/template/base-input.html]
[admin.pixelstrap.com/cuba/template/radio-checkbox-control.html]
[admin.pixelstrap.com/cuba/template/input-group.html]
[admin.pixelstrap.com/cuba/template/input-mask.html]
[admin.pixelstrap.com/cuba/template/megaoptions.html]
[admin.pixelstrap.com/cuba/template/datepicker.html]
[admin.pixelstrap.com/cuba/template/touchspin.html]
[admin.pixelstrap.com/cuba/template/select2.html]
[admin.pixelstrap.com/cuba/template/switch.html]
[admin.pixelstrap.com/cuba/template/typeahead.html]
[admin.pixelstrap.com/cuba/template/clipboard.html]
[admin.pixelstrap.com/cuba/template/form-wizard.html]
[admin.pixelstrap.com/cuba/template/form-wizard-two.html]
[admin.pixelstrap.com/cuba/template/two-factor.html]
[admin.pixelstrap.com/cuba/template/bootstrap-basic-table.html]
[admin.pixelstrap.com/cuba/template/table-components.html]
[admin.pixelstrap.com/cuba/template/datatable-basic-init.html]
[admin.pixelstrap.com/cuba/template/datatable-advance.html]
[admin.pixelstrap.com/cuba/template/datatable-API.html]
[admin.pixelstrap.com/cuba/template/datatable-data-source.html]
[admin.pixelstrap.com/cuba/template/datatable-ext-autofill.html]
[admin.pixelstrap.com/cuba/template/jsgrid-table.html]
[admin.pixelstrap.com/cuba/template/typography.html]
[admin.pixelstrap.com/cuba/template/avatars.html]
[admin.pixelstrap.com/cuba/template/divider.html]
[admin.pixelstrap.com/cuba/template/helper-classes.html]
[admin.pixelstrap.com/cuba/template/grid.html]
[admin.pixelstrap.com/cuba/template/tag-pills.html]
[admin.pixelstrap.com/cuba/template/progress-bar.html]
[admin.pixelstrap.com/cuba/template/modal.html]
[admin.pixelstrap.com/cuba/template/alert.html]
[admin.pixelstrap.com/cuba/template/popover.html]
[admin.pixelstrap.com/cuba/template/placeholders.html]
[admin.pixelstrap.com/cuba/template/tooltip.html]
[admin.pixelstrap.com/cuba/template/dropdown.html]
[admin.pixelstrap.com/cuba/template/according.html]
[admin.pixelstrap.com/cuba/template/tab-bootstrap.html]
[admin.pixelstrap.com/cuba/template/offcanvas.html]
[admin.pixelstrap.com/cuba/template/navigate-links.html]
[admin.pixelstrap.com/cuba/template/list.html]
[admin.pixelstrap.com/cuba/template/abc.html]
[admin.pixelstrap.com/cuba/template/scrollable.html]
[admin.pixelstrap.com/cuba/template/tree.html]
[admin.pixelstrap.com/cuba/template/toasts.html]
[admin.pixelstrap.com/cuba/template/block-ui.html]
[admin.pixelstrap.com/cuba/template/rating.html]
[admin.pixelstrap.com/cuba/template/dropzone.html]
[admin.pixelstrap.com/cuba/template/tour.html]
[admin.pixelstrap.com/cuba/template/sweet-alert2.html]
[admin.pixelstrap.com/cuba/template/modal-animated.html]
[admin.pixelstrap.com/cuba/template/owl-carousel.html]
[admin.pixelstrap.com/cuba/template/ribbons.html]
[admin.pixelstrap.com/cuba/template/pagination.html]
[admin.pixelstrap.com/cuba/template/scrollspy.html]
[admin.pixelstrap.com/cuba/template/breadcrumb.html]
[admin.pixelstrap.com/cuba/template/range-slider.html]
[admin.pixelstrap.com/cuba/template/ratios.html]
[admin.pixelstrap.com/cuba/template/image-cropper.html]
[admin.pixelstrap.com/cuba/template/basic-card.html]
[admin.pixelstrap.com/cuba/template/creative-card.html]
[admin.pixelstrap.com/cuba/template/draggable-card.html]
[admin.pixelstrap.com/cuba/template/timeline-v-1.html]
[admin.pixelstrap.com/cuba/template/animate.html]
[admin.pixelstrap.com/cuba/template/scroll-reval.html]
[admin.pixelstrap.com/cuba/template/AOS.html]
[admin.pixelstrap.com/cuba/template/tilt.html]
[admin.pixelstrap.com/cuba/template/wow.html]
[admin.pixelstrap.com/cuba/template/flash-icon.html]
[admin.pixelstrap.com/cuba/template/flag-icon.html]
[admin.pixelstrap.com/cuba/template/font-awesome.html]
[admin.pixelstrap.com/cuba/template/ico-icon.html]
[admin.pixelstrap.com/cuba/template/themify-icon.html]
[admin.pixelstrap.com/cuba/template/feather-icon.html]
[admin.pixelstrap.com/cuba/template/weather-icon.html]
[admin.pixelstrap.com/cuba/template/buttons.html]
[admin.pixelstrap.com/cuba/template/chart-apex.html]
[admin.pixelstrap.com/cuba/template/chart-google.html]
[admin.pixelstrap.com/cuba/template/chart-sparkline.html]
[admin.pixelstrap.com/cuba/template/chart-flot.html]
[admin.pixelstrap.com/cuba/template/chart-knob.html]
[admin.pixelstrap.com/cuba/template/chart-morris.html]
[admin.pixelstrap.com/cuba/template/chartjs.html]
[admin.pixelstrap.com/cuba/template/chartist.html]
[admin.pixelstrap.com/cuba/template/chart-peity.html]
[admin.pixelstrap.com/cuba/template/landing-page.html]
[admin.pixelstrap.com/cuba/template/sample-page.html]
[admin.pixelstrap.com/cuba/template/internationalization.html]
[admin.pixelstrap.com/cuba/template/error-403.html]
[admin.pixelstrap.com/cuba/template/error-404.html]
[admin.pixelstrap.com/cuba/template/error-500.html]
[admin.pixelstrap.com/cuba/template/login_one.html]
[admin.pixelstrap.com/cuba/template/login_two.html]
[admin.pixelstrap.com/cuba/template/login_three.html]
[admin.pixelstrap.com/cuba/template/login_with_tooltip.html]
[admin.pixelstrap.com/cuba/template/login_with_sweetalert.html]
[admin.pixelstrap.com/cuba/template/register_simple.html]
[admin.pixelstrap.com/cuba/template/register_with_bg_image.html]
[admin.pixelstrap.com/cuba/template/register_with_image_two.html]
[admin.pixelstrap.com/cuba/template/register_wizard.html]
[admin.pixelstrap.com/cuba/template/account-restricted.html]
[admin.pixelstrap.com/cuba/template/unlock.html]
[admin.pixelstrap.com/cuba/template/forgot-password.html]
[admin.pixelstrap.com/cuba/template/reset-password.html]
[admin.pixelstrap.com/cuba/template/maintenance.html]
[admin.pixelstrap.com/cuba/template/comingsoon.html]
[admin.pixelstrap.com/cuba/template/comingsoon-bg-video.html]
[admin.pixelstrap.com/cuba/template/comingsoon-bg-img.html]
[admin.pixelstrap.com/cuba/template/basic-template.html]
[admin.pixelstrap.com/cuba/template/email-header.html]
[admin.pixelstrap.com/cuba/template/template-email.html]
[admin.pixelstrap.com/cuba/template/template-email-2.html]
[admin.pixelstrap.com/cuba/template/ecommerce-templates.html]
[admin.pixelstrap.com/cuba/template/email-order-success.html]
[admin.pixelstrap.com/cuba/template/manage-api.html]
[admin.pixelstrap.com/cuba/template/sitemap.html]
[admin.pixelstrap.com/cuba/template/pricing.html]
[admin.pixelstrap.com/cuba/template/faq.html]
[admin.pixelstrap.com/cuba/template/subscribed-user.html]
[admin.pixelstrap.com/cuba/template/gallery.html]
[admin.pixelstrap.com/cuba/template/gallery-with-description.html]
[admin.pixelstrap.com/cuba/template/gallery-masonry.html]
[admin.pixelstrap.com/cuba/template/masonry-gallery-with-disc.html]
[admin.pixelstrap.com/cuba/template/hover-effects.html]
[admin.pixelstrap.com/cuba/template/gallery-with-placeholder.html]
[admin.pixelstrap.com/cuba/template/blog.html]
[admin.pixelstrap.com/cuba/template/blog-details.html]
[admin.pixelstrap.com/cuba/template/add-blog.html]
[admin.pixelstrap.com/cuba/template/job-cards-view.html]
[admin.pixelstrap.com/cuba/template/job-list-view.html]
[admin.pixelstrap.com/cuba/template/job-details.html]
[admin.pixelstrap.com/cuba/template/candidates.html]
[admin.pixelstrap.com/cuba/template/companies.html]
[admin.pixelstrap.com/cuba/template/job-apply.html]
[admin.pixelstrap.com/cuba/template/course-list-view.html]
[admin.pixelstrap.com/cuba/template/course-details.html]
[admin.pixelstrap.com/cuba/template/map-js.html]
[admin.pixelstrap.com/cuba/template/vector-map.html]
[admin.pixelstrap.com/cuba/template/quilleditor.html]
[admin.pixelstrap.com/cuba/template/ckeditor.html]
[admin.pixelstrap.com/cuba/template/ace-code-editor.html]
[admin.pixelstrap.com/cuba/template/support-ticket.html]
[admin.pixelstrap.com/cuba/assets/images/dashboard/user/2.jpg]
[admin.pixelstrap.com/cuba/assets/images/dashboard/user/3.jpg]
[admin.pixelstrap.com/cuba/assets/images/dashboard/user/4.jpg]
[admin.pixelstrap.com/cuba/assets/images/dashboard/user/5.jpg]
[admin.pixelstrap.com/cuba/assets/images/dashboard-9/user/1.png]
[admin.pixelstrap.com/cuba/assets/images/dashboard-9/user/2.png]
[admin.pixelstrap.com/cuba/assets/images/dashboard-9/user/5.png]
[admin.pixelstrap.com/cuba/assets/images/dashboard-9/user/3.png]
[admin.pixelstrap.com/cuba/assets/images/dashboard/bg-1.png]
[admin.pixelstrap.com/cuba/assets/images/dashboard/bg-2.png]
[admin.pixelstrap.com/cuba/assets/images/dashboard/bg-3.png]
[admin.pixelstrap.com/cuba/assets/images/dashboard-2/order/sub-product/16.png]
[admin.pixelstrap.com/cuba/assets/images/dashboard-2/order/sub-product/25.png]
[admin.pixelstrap.com/cuba/assets/images/dashboard-2/order/sub-product/26.png]
[admin.pixelstrap.com/cuba/assets/images/dashboard-2/order/sub-product/24.png]
[admin.pixelstrap.com/cuba/assets/images/dashboard-2/order/sub-product/6.png]
[admin.pixelstrap.com/cuba/assets/images/dashboard-2/order/sub-product/10.png]
[admin.pixelstrap.com/cuba/assets/images/dashboard-2/order/sub-product/11.png]
[admin.pixelstrap.com/cuba/assets/images/dashboard-2/order/sub-product/14.png]
[admin.pixelstrap.com/cuba/assets/images/dashboard/purchase1.png]
[admin.pixelstrap.com/cuba/assets/js/jquery.min.js]
[admin.pixelstrap.com/cuba/assets/js/bootstrap/bootstrap.bundle.min.js]
[admin.pixelstrap.com/cuba/assets/js/icons/feather-icon/feather.min.js]
[admin.pixelstrap.com/cuba/assets/js/icons/feather-icon/feather-icon.js]
[admin.pixelstrap.com/cuba/assets/js/scrollbar/simplebar.min.js]
[admin.pixelstrap.com/cuba/assets/js/scrollbar/custom.js]
[admin.pixelstrap.com/cuba/assets/js/config.js]
[admin.pixelstrap.com/cuba/assets/js/sidebar-menu.js]
[admin.pixelstrap.com/cuba/assets/js/sidebar-pin.js]
[admin.pixelstrap.com/cuba/assets/js/clock.js]
[admin.pixelstrap.com/cuba/assets/js/slick/slick.min.js]
[admin.pixelstrap.com/cuba/assets/js/slick/slick.js]
[admin.pixelstrap.com/cuba/assets/js/header-slick.js]
[admin.pixelstrap.com/cuba/assets/js/chart/apex-chart/stock-prices.js]
[admin.pixelstrap.com/cuba/assets/js/chart/apex-chart/apex-chart.js]
[admin.pixelstrap.com/cuba/assets/js/counter/counter-custom.js]
[admin.pixelstrap.com/cuba/assets/js/notify/bootstrap-notify.min.js]
[admin.pixelstrap.com/cuba/assets/js/dashboard/default.js]
[admin.pixelstrap.com/cuba/assets/js/notify/index.js]
[admin.pixelstrap.com/cuba/assets/js/datatable/datatables/jquery.dataTables.min.js]
[admin.pixelstrap.com/cuba/assets/js/datatable/datatables/dataTables.select.js]
[admin.pixelstrap.com/cuba/assets/js/datatable/datatables/dataTables.js]
[admin.pixelstrap.com/cuba/assets/js/datatable/datatables/select.bootstrap5.js]
[admin.pixelstrap.com/cuba/assets/js/datatable/datatables/datatable.custom.js]
[admin.pixelstrap.com/cuba/assets/js/typeahead/handlebars.js]
[admin.pixelstrap.com/cuba/assets/js/typeahead/typeahead.bundle.js]
[admin.pixelstrap.com/cuba/assets/js/typeahead/typeahead.custom.js]
[admin.pixelstrap.com/cuba/assets/js/typeahead-search/handlebars.js]
[admin.pixelstrap.com/cuba/assets/js/typeahead-search/typeahead-custom.js]
[admin.pixelstrap.com/cuba/assets/js/script.js]
[admin.pixelstrap.com/cuba/assets/js/script1.js]
[admin.pixelstrap.com/cuba/template/index.html]
[admin.pixelstrap.com/cuba/assets/js/theme-customizer/customizer.js]
[admin.pixelstrap.com/cuba/assets/css/fontawesome.css]
[admin.pixelstrap.com/cuba/assets/css/vendors/icofont.css]
[admin.pixelstrap.com/cuba/assets/css/vendors/themify.css]
[admin.pixelstrap.com/cuba/assets/css/vendors/flag-icon.css]
[admin.pixelstrap.com/cuba/assets/css/vendors/feather-icon.css]
[admin.pixelstrap.com/cuba/assets/css/vendors/slick.css]
[admin.pixelstrap.com/cuba/assets/images/ajax-loader.gif]
[admin.pixelstrap.com/cuba/assets/css/vendors/slick-theme.css]
[admin.pixelstrap.com/cuba/assets/css/vendors/scrollbar.css]
[admin.pixelstrap.com/cuba/assets/css/vendors/animate.css]
[admin.pixelstrap.com/cuba/assets/css/vendors/jquery.dataTables.css]
[admin.pixelstrap.com/cuba/assets/css/vendors/select.bootstrap5.css]
[admin.pixelstrap.com/cuba/assets/css/vendors/bootstrap.css]
[admin.pixelstrap.com/cuba/assets/images/dashboard-5/profile-bg.png]
[admin.pixelstrap.com/cuba/assets/images/masonry/6.jpg]
[admin.pixelstrap.com/cuba/assets/images/other-images/boxbg.jpg]
[admin.pixelstrap.com/cuba/assets/css/style.css]
[admin.pixelstrap.com/cuba/assets/css/color-1.css]
[admin.pixelstrap.com/cuba/assets/css/responsive.css]
[admin.pixelstrap.com/cuba/assets/images/dashboard-8/shop-categories/headphone.png]
[admin.pixelstrap.com/cuba/template/list-wish.html]
[admin.pixelstrap.com/cuba/assets/js/touchspin_2/custom_touchspin.js]
[admin.pixelstrap.com/cuba/assets/js/trash.js]
[admin.pixelstrap.com/cuba/assets/js/tooltip-init.js]
[admin.pixelstrap.com/cuba/template/cart.html]
[admin.pixelstrap.com/cuba/assets/css/vendors/select/bootstrap-select.min.css]
[admin.pixelstrap.com/cuba/assets/images/checkout/paypal.png]
[admin.pixelstrap.com/cuba/assets/images/forms/credit-card.png]
[admin.pixelstrap.com/cuba/assets/images/forms/delivery.png]
[admin.pixelstrap.com/cuba/assets/images/gif/dashboard-8/successful.gif]
[admin.pixelstrap.com/cuba/assets/js/form-wizard/custom-number-wizard.js]
[admin.pixelstrap.com/cuba/assets/js/form-validation-custom.js]
[admin.pixelstrap.com/cuba/assets/js/custom_seller.js]
[admin.pixelstrap.com/cuba/template/checkout.html]
[admin.pixelstrap.com/cuba/template/sign-up.html]
[admin.pixelstrap.com/cuba/assets/js/select/bootstrap-select.min.js]
[admin.pixelstrap.com/cuba/assets/css/vendors/quill.snow.css]
[admin.pixelstrap.com/cuba/assets/images/dashboard-11/user/1.jpg]
[admin.pixelstrap.com/cuba/assets/images/dashboard-11/user/4.jpg]
[admin.pixelstrap.com/cuba/assets/images/dashboard-11/user/12.jpg]
[admin.pixelstrap.com/cuba/assets/images/dashboard-11/user/9.jpg]
[admin.pixelstrap.com/cuba/assets/images/dashboard-9/user/4.png]
[admin.pixelstrap.com/cuba/assets/images/dashboard-11/user/2.jpg]
[admin.pixelstrap.com/cuba/assets/images/dashboard-11/user/3.jpg]
[admin.pixelstrap.com/cuba/assets/images/dashboard-11/user/8.jpg]
[admin.pixelstrap.com/cuba/assets/images/dashboard-11/user/11.jpg]
[admin.pixelstrap.com/cuba/assets/images/user/12.png]
[admin.pixelstrap.com/cuba/assets/images/email-template/pdfs.png]
[admin.pixelstrap.com/cuba/assets/js/blockui/custom-blockui1.js]
[admin.pixelstrap.com/cuba/assets/js/blockui/custom-freeze1.js]
[admin.pixelstrap.com/cuba/assets/js/letter-box/custom-mail-pagination.js]
[admin.pixelstrap.com/cuba/assets/js/letter-box/custom-usermail.js]
[admin.pixelstrap.com/cuba/assets/js/editors/custom-quill.js]
[admin.pixelstrap.com/cuba/assets/js/editors/quill.js]
[admin.pixelstrap.com/cuba/assets/js/print.js]
[admin.pixelstrap.com/cuba/template/mail-box.html]
[admin.pixelstrap.com/cuba/assets/css/vendors/date-picker.css]
[admin.pixelstrap.com/cuba/assets/images/user/user.png]
[admin.pixelstrap.com/cuba/assets/images/dashboard-11/user/10.jpg]
[admin.pixelstrap.com/cuba/assets/images/dashboard/user/10.jpg]
[admin.pixelstrap.com/cuba/assets/images/dashboard/user/11.jpg]
[admin.pixelstrap.com/cuba/assets/images/dashboard-11/user/7.jpg]
[admin.pixelstrap.com/cuba/assets/images/dashboard/user/12.jpg]
[admin.pixelstrap.com/cuba/assets/images/dashboard/user/13.jpg]
[admin.pixelstrap.com/cuba/assets/images/user/10.jpg]
[admin.pixelstrap.com/cuba/assets/images/dashboard-11/user/5.jpg]
[admin.pixelstrap.com/cuba/assets/images/dashboard-11/user/6.jpg]
[admin.pixelstrap.com/cuba/assets/js/bookmark/jquery.validate.min.js]
[admin.pixelstrap.com/cuba/assets/js/bookmark/custom.js]
[admin.pixelstrap.com/cuba/assets/js/datepicker/date-picker/datepicker.js]
[admin.pixelstrap.com/cuba/assets/js/datepicker/date-picker/datepicker.en.js]
[admin.pixelstrap.com/cuba/assets/js/datepicker/date-picker/datepicker.custom.js]
[admin.pixelstrap.com/cuba/template/task.html]
[admin.pixelstrap.com/cuba/assets/images/user/7.jpg]
[admin.pixelstrap.com/cuba/template/add-user.html]
[admin.pixelstrap.com/cuba/template/login.html]
[admin.pixelstrap.com/cuba/assets/images/dashboard-2/monitor.png]
[admin.pixelstrap.com/cuba/assets/images/dashboard/user/1.jpg]
[admin.pixelstrap.com/cuba/assets/images/dashboard/user/9.jpg]
[admin.pixelstrap.com/cuba/assets/images/dashboard-2/discover.png]
[admin.pixelstrap.com/cuba/assets/images/dashboard-2/order/1.png]
[admin.pixelstrap.com/cuba/assets/images/dashboard-2/order/2.png]
[admin.pixelstrap.com/cuba/assets/images/dashboard-2/order/3.png]
[admin.pixelstrap.com/cuba/assets/images/dashboard-2/order/4.png]
[admin.pixelstrap.com/cuba/assets/images/dashboard-2/order/5.png]
[admin.pixelstrap.com/cuba/assets/images/dashboard-2/order/7.png]
[admin.pixelstrap.com/cuba/assets/images/dashboard-2/order/sub-product/4.png]
[admin.pixelstrap.com/cuba/assets/images/dashboard-2/order/sub-product/3.png]
[admin.pixelstrap.com/cuba/assets/images/dashboard-2/order/sub-product/5.png]
[admin.pixelstrap.com/cuba/assets/images/dashboard-2/order/sub-product/1.png]
[admin.pixelstrap.com/cuba/assets/images/dashboard-2/order/sub-product/2.png]
[admin.pixelstrap.com/cuba/assets/images/dashboard-2/order/sub-product/7.png]
[admin.pixelstrap.com/cuba/assets/images/dashboard-2/order/sub-product/8.png]
[admin.pixelstrap.com/cuba/assets/images/dashboard-2/order/sub-product/9.png]
[admin.pixelstrap.com/cuba/assets/images/dashboard-2/order/sub-product/12.png]
[admin.pixelstrap.com/cuba/assets/images/dashboard-2/category/1.png]
[admin.pixelstrap.com/cuba/assets/images/dashboard-2/category/2.png]
[admin.pixelstrap.com/cuba/assets/images/dashboard-2/category/3.png]
[admin.pixelstrap.com/cuba/assets/images/dashboard-2/category/4.png]
[admin.pixelstrap.com/cuba/assets/images/dashboard-2/category/5.png]
[admin.pixelstrap.com/cuba/assets/images/dashboard-2/category/6.png]
[admin.pixelstrap.com/cuba/assets/images/dashboard-2/category/7.png]
[admin.pixelstrap.com/cuba/assets/images/dashboard-2/product/1.png]
[admin.pixelstrap.com/cuba/assets/images/dashboard-2/product/2.png]
[admin.pixelstrap.com/cuba/assets/images/dashboard-2/product/3.png]
[admin.pixelstrap.com/cuba/assets/images/dashboard-2/order/sub-product/15.png]
[admin.pixelstrap.com/cuba/assets/images/user/14.png]
[admin.pixelstrap.com/cuba/assets/images/dashboard/user/6.jpg]
[admin.pixelstrap.com/cuba/assets/images/user/3.jpg]
[admin.pixelstrap.com/cuba/assets/images/user/6.jpg]
[admin.pixelstrap.com/cuba/assets/images/user/3.png]
[admin.pixelstrap.com/cuba/assets/images/dashboard-2/order/sub-product/17.png]
[admin.pixelstrap.com/cuba/template/list-products.html]
[admin.pixelstrap.com/cuba/assets/images/dashboard-2/order/sub-product/18.png]
[admin.pixelstrap.com/cuba/assets/images/dashboard-2/order/sub-product/19.png]
[admin.pixelstrap.com/cuba/assets/images/dashboard-2/order/sub-product/20.png]
[admin.pixelstrap.com/cuba/assets/images/dashboard-2/order/sub-product/21.png]
[admin.pixelstrap.com/cuba/assets/images/dashboard-2/order/sub-product/22.png]
[admin.pixelstrap.com/cuba/assets/images/dashboard-2/order/sub-product/23.png]
[admin.pixelstrap.com/cuba/assets/images/dashboard-2/order/sub-product/27.png]
[admin.pixelstrap.com/cuba/assets/js/dashboard/dashboard_2.js]
[admin.pixelstrap.com/cuba/template/dashboard-02.html]
[admin.pixelstrap.com/cuba/assets/css/vendors/flatpickr/flatpickr.min.css]
[admin.pixelstrap.com/cuba/assets/images/dashboard-3/better.png]
[admin.pixelstrap.com/cuba/assets/images/dashboard/user/7.jpg]
[admin.pixelstrap.com/cuba/assets/images/dashboard-3/course/back-arrow/1.png]
[admin.pixelstrap.com/cuba/assets/images/dashboard-3/course/back-arrow/2.png]
[admin.pixelstrap.com/cuba/assets/images/dashboard-3/course/back-arrow/3.png]
[admin.pixelstrap.com/cuba/assets/images/dashboard-3/lessons/1.png]
[admin.pixelstrap.com/cuba/assets/images/dashboard-3/lessons/2.png]
[admin.pixelstrap.com/cuba/assets/images/dashboard-3/lessons/3.png]
[admin.pixelstrap.com/cuba/assets/js/chart/apex-chart/moment.min.js]
[admin.pixelstrap.com/cuba/assets/js/flat-pickr/flatpickr.js]
[admin.pixelstrap.com/cuba/template/dashboard-03.html]
[admin.pixelstrap.com/cuba/assets/js/dashboard/dashboard_3.js]
[admin.pixelstrap.com/cuba/assets/images/dashboard-4/crypto.png]
[admin.pixelstrap.com/cuba/assets/images/dashboard-4/user.png]
[admin.pixelstrap.com/cuba/template/dashboard-04.html]
[admin.pixelstrap.com/cuba/assets/js/dashboard/dashboard_4.js]
[admin.pixelstrap.com/cuba/assets/css/vendors/vector-map1/jsvectormap.min.css]
[admin.pixelstrap.com/cuba/assets/images/dashboard-5/social/1.png]
[admin.pixelstrap.com/cuba/assets/images/dashboard-5/social/2.png]
[admin.pixelstrap.com/cuba/assets/images/dashboard-5/social/3.png]
[admin.pixelstrap.com/cuba/assets/images/dashboard-5/social/4.png]
[admin.pixelstrap.com/cuba/assets/images/dashboard-5/social/5.png]
[admin.pixelstrap.com/cuba/assets/images/dashboard-5/social/6.png]
[admin.pixelstrap.com/cuba/assets/images/dashboard-5/wave.png]
[admin.pixelstrap.com/cuba/assets/images/dashboard-5/mobile-img.png]
[admin.pixelstrap.com/cuba/assets/images/dashboard/user/8.jpg]
[admin.pixelstrap.com/cuba/assets/images/dashboard-5/flags/1.png]
[admin.pixelstrap.com/cuba/assets/images/dashboard-5/flags/2.png]
[admin.pixelstrap.com/cuba/assets/images/dashboard-5/flags/3.png]
[admin.pixelstrap.com/cuba/assets/images/dashboard-5/flags/4.png]
[admin.pixelstrap.com/cuba/assets/js/vector-map1/jsvectormap.js]
[admin.pixelstrap.com/cuba/assets/js/vector-map1/world.js]
[admin.pixelstrap.com/cuba/assets/js/vector-map1/custom-vectormap.js]
[admin.pixelstrap.com/cuba/template/dashboard-05.html]
[admin.pixelstrap.com/cuba/assets/js/dashboard/dashboard_5.js]
[admin.pixelstrap.com/cuba/assets/css/vendors/swiper/swiper-bundle.min.css]
[admin.pixelstrap.com/cuba/assets/css/vendors/owlcarousel.css]
[admin.pixelstrap.com/cuba/assets/images/dashboard-6/1.png]
[admin.pixelstrap.com/cuba/assets/images/dashboard-6/2.png]
[admin.pixelstrap.com/cuba/assets/images/dashboard-6/3.png]
[admin.pixelstrap.com/cuba/assets/images/dashboard-6/sales/1.png]
[admin.pixelstrap.com/cuba/assets/images/dashboard-6/sales/2.png]
[admin.pixelstrap.com/cuba/assets/images/dashboard-6/sales/3.png]
[admin.pixelstrap.com/cuba/assets/images/dashboard-6/action/1.png]
[admin.pixelstrap.com/cuba/assets/images/dashboard-6/author/1.png]
[admin.pixelstrap.com/cuba/assets/images/dashboard-6/action/2.png]
[admin.pixelstrap.com/cuba/assets/images/dashboard-6/author/2.png]
[admin.pixelstrap.com/cuba/assets/images/dashboard-6/action/3.png]
[admin.pixelstrap.com/cuba/assets/images/dashboard-6/author/3.png]
[admin.pixelstrap.com/cuba/assets/images/dashboard-6/1.gif]
[admin.pixelstrap.com/cuba/assets/images/dashboard-6/category/1.png]
[admin.pixelstrap.com/cuba/assets/images/dashboard-6/category/2.png]
[admin.pixelstrap.com/cuba/assets/images/dashboard-6/category/3.png]
[admin.pixelstrap.com/cuba/assets/images/dashboard-6/category/4.png]
[admin.pixelstrap.com/cuba/assets/images/dashboard-6/category/5.png]
[admin.pixelstrap.com/cuba/assets/images/dashboard-6/author/4.png]
[admin.pixelstrap.com/cuba/assets/images/dashboard-6/author/mark.png]
[admin.pixelstrap.com/cuba/assets/images/dashboard-6/nft.png]
[admin.pixelstrap.com/cuba/assets/images/dashboard-6/author/5.png]
[admin.pixelstrap.com/cuba/assets/images/dashboard-6/author/6.png]
[admin.pixelstrap.com/cuba/assets/images/dashboard-6/author/8.png]
[admin.pixelstrap.com/cuba/assets/images/dashboard-6/author/9.png]
[admin.pixelstrap.com/cuba/assets/images/dashboard-6/author/10.png]
[admin.pixelstrap.com/cuba/assets/images/dashboard-6/author/11.png]
[admin.pixelstrap.com/cuba/assets/images/dashboard-6/action/4.png]
[admin.pixelstrap.com/cuba/assets/images/dashboard-6/author/12.png]
[admin.pixelstrap.com/cuba/assets/images/dashboard-6/action/5.png]
[admin.pixelstrap.com/cuba/assets/images/dashboard-6/author/13.png]
[admin.pixelstrap.com/cuba/assets/images/dashboard-6/action/6.png]
[admin.pixelstrap.com/cuba/assets/images/dashboard-6/author/14.png]
[admin.pixelstrap.com/cuba/assets/images/dashboard-6/action/7.png]
[admin.pixelstrap.com/cuba/assets/images/dashboard-6/author/15.png]
[admin.pixelstrap.com/cuba/assets/images/dashboard-6/creator/1.png]
[admin.pixelstrap.com/cuba/assets/images/dashboard-6/creator/2.png]
[admin.pixelstrap.com/cuba/assets/images/dashboard-6/creator/4.png]
[admin.pixelstrap.com/cuba/assets/images/dashboard-6/creator/5.png]
[admin.pixelstrap.com/cuba/assets/images/dashboard-6/author/16.png]
[admin.pixelstrap.com/cuba/assets/images/dashboard-6/author/17.png]
[admin.pixelstrap.com/cuba/assets/images/dashboard-6/author/18.png]
[admin.pixelstrap.com/cuba/assets/images/dashboard-6/collection/2.png]
[admin.pixelstrap.com/cuba/assets/images/dashboard-6/collection/3.png]
[admin.pixelstrap.com/cuba/assets/images/dashboard-6/collection/4.png]
[admin.pixelstrap.com/cuba/assets/images/dashboard-6/collection/1.png]
[admin.pixelstrap.com/cuba/assets/images/dashboard-6/collection/user.png]
[admin.pixelstrap.com/cuba/assets/images/dashboard-6/collection/user1.png]
[admin.pixelstrap.com/cuba/assets/images/dashboard-6/collection/user2.png]
[admin.pixelstrap.com/cuba/assets/images/dashboard-6/collection/user3.png]
[admin.pixelstrap.com/cuba/assets/images/dashboard-6/artwork/1.png]
[admin.pixelstrap.com/cuba/assets/images/dashboard-6/artwork/2.png]
[admin.pixelstrap.com/cuba/assets/images/dashboard-6/artwork/3.png]
[admin.pixelstrap.com/cuba/assets/images/dashboard-6/artwork/4.png]
[admin.pixelstrap.com/cuba/assets/images/dashboard-6/artwork/5.png]
[admin.pixelstrap.com/cuba/assets/images/dashboard-6/artwork/6.png]
[admin.pixelstrap.com/cuba/assets/images/dashboard-6/artwork/7.png]
[admin.pixelstrap.com/cuba/assets/images/dashboard-6/artwork/8.png]
[admin.pixelstrap.com/cuba/assets/js/owlcarousel/owl.carousel.js]
[admin.pixelstrap.com/cuba/assets/js/swiper/swiper-bundle.min.js]
[admin.pixelstrap.com/cuba/assets/js/timer.js]
[admin.pixelstrap.com/cuba/assets/js/dashboard/dashboard_6.js]
[admin.pixelstrap.com/cuba/assets/js/height-equal.js]
[admin.pixelstrap.com/cuba/template/dashboard-06.html]
[admin.pixelstrap.com/cuba/assets/images/dashboard-7/line.png]
[admin.pixelstrap.com/cuba/assets/images/dashboard-7/attendance/1.png]
[admin.pixelstrap.com/cuba/assets/images/dashboard-7/attendance/2.png]
[admin.pixelstrap.com/cuba/assets/images/dashboard-7/attendance/3.png]
[admin.pixelstrap.com/cuba/assets/images/dashboard-7/knowledge-base.png]
[admin.pixelstrap.com/cuba/assets/images/dashboard-7/attendance/student-leader/user-2.jpg]
[admin.pixelstrap.com/cuba/assets/images/dashboard-7/attendance/student-leader/user-3.jpg]
[admin.pixelstrap.com/cuba/assets/images/dashboard-7/attendance/student-leader/user-4.jpg]
[admin.pixelstrap.com/cuba/assets/images/dashboard-7/attendance/student-leader/user-5.jpg]
[admin.pixelstrap.com/cuba/template/dashboard-07.html]
[admin.pixelstrap.com/cuba/assets/js/dashboard/dashboard_7.js]
[admin.pixelstrap.com/cuba/assets/images/dashboard-8/shop-categories/phone.png]
[admin.pixelstrap.com/cuba/assets/images/dashboard-8/shop-categories/camera.png]
[admin.pixelstrap.com/cuba/assets/images/dashboard-8/shop-categories/laptop.png]
[admin.pixelstrap.com/cuba/assets/images/dashboard-8/shop-categories/mouse.png]
[admin.pixelstrap.com/cuba/assets/images/dashboard-8/shop-categories/tv.png]
[admin.pixelstrap.com/cuba/assets/images/dashboard-8/shop-categories/drone.png]
[admin.pixelstrap.com/cuba/assets/images/dashboard-8/shop-categories/watch.png]
[admin.pixelstrap.com/cuba/assets/images/dashboard-8/shop-categories/speaker.png]
[admin.pixelstrap.com/cuba/assets/images/dashboard-8/shop-categories/controller.png]
[admin.pixelstrap.com/cuba/assets/images/dashboard-8/product-categories/watch-2.png]
[admin.pixelstrap.com/cuba/assets/images/dashboard-8/product-categories/laptop.png]
[admin.pixelstrap.com/cuba/assets/images/dashboard-8/product-categories/headphone.png]
[admin.pixelstrap.com/cuba/assets/images/dashboard-8/product-categories/phone.png]
[admin.pixelstrap.com/cuba/assets/images/dashboard-8/product-categories/dvd.png]
[admin.pixelstrap.com/cuba/assets/images/dashboard-8/product-categories/mac-laptop.png]
[admin.pixelstrap.com/cuba/assets/images/dashboard-8/product-categories/speaker.png]
[admin.pixelstrap.com/cuba/assets/images/dashboard-8/product-categories/mouse.png]
[admin.pixelstrap.com/cuba/assets/images/dashboard-8/product-categories/wireless-headphone.png]
[admin.pixelstrap.com/cuba/assets/images/dashboard-8/product-categories/keyboard.png]
[admin.pixelstrap.com/cuba/assets/images/dashboard-8/product-categories/ipad.png]
[admin.pixelstrap.com/cuba/assets/images/dashboard-8/product-categories/drone.png]
[admin.pixelstrap.com/cuba/assets/images/dashboard-8/order-trash.gif]
[admin.pixelstrap.com/cuba/template/dashboard-08.html]
[admin.pixelstrap.com/cuba/assets/js/dashboard/dashboard_8.js]
[admin.pixelstrap.com/cuba/assets/images/user/common-user/1.png]
[admin.pixelstrap.com/cuba/assets/images/user/common-user/2.png]
[admin.pixelstrap.com/cuba/assets/images/user/common-user/3.png]
[admin.pixelstrap.com/cuba/assets/images/user/common-user/4.png]
[admin.pixelstrap.com/cuba/assets/images/user/common-user/5.png]
[admin.pixelstrap.com/cuba/assets/images/user/common-user/6.png]
[admin.pixelstrap.com/cuba/assets/images/user/common-user/7.png]
[admin.pixelstrap.com/cuba/assets/images/user/common-user/8.png]
[admin.pixelstrap.com/cuba/assets/js/dashboard/dashboard_9.js]
[admin.pixelstrap.com/cuba/template/dashboard-09.html]
[admin.pixelstrap.com/cuba/assets/js/dashboard/dashboard_10.js]
[admin.pixelstrap.com/cuba/template/dashboard-10.html]
[admin.pixelstrap.com/cuba/assets/images/dashboard-11/vector-pc.png]
[admin.pixelstrap.com/cuba/assets/images/dashboard-12/user/10.png]
[admin.pixelstrap.com/cuba/assets/images/dashboard-12/user/2.png]
[admin.pixelstrap.com/cuba/assets/images/dashboard-12/user/5.png]
[admin.pixelstrap.com/cuba/assets/js/dashboard/dashboard_11.js]
[admin.pixelstrap.com/cuba/template/dashboard-11.html]
[admin.pixelstrap.com/cuba/assets/images/dashboard-12/user/11.png]
[admin.pixelstrap.com/cuba/assets/images/dashboard-12/user/12.png]
[admin.pixelstrap.com/cuba/assets/images/dashboard-12/user/13.png]
[admin.pixelstrap.com/cuba/assets/images/dashboard-12/user/14.png]
[admin.pixelstrap.com/cuba/assets/images/avtar/16.jpg]
[admin.pixelstrap.com/cuba/assets/images/avtar/3.jpg]
[admin.pixelstrap.com/cuba/assets/images/dashboard-12/user/1.png]
[admin.pixelstrap.com/cuba/assets/images/dashboard-12/user/3.png]
[admin.pixelstrap.com/cuba/assets/images/dashboard-12/user/4.png]
[admin.pixelstrap.com/cuba/template/dashboard-12.html]
[admin.pixelstrap.com/cuba/assets/js/dashboard/dashboard_12.js]
[admin.pixelstrap.com/cuba/assets/images/dashboard-12/user/8.png]
[admin.pixelstrap.com/cuba/assets/images/dashboard-12/user/7.png]
[admin.pixelstrap.com/cuba/assets/js/dashboard/dashboard_13.js]
[admin.pixelstrap.com/cuba/template/dashboard-13.html]
[admin.pixelstrap.com/cuba/assets/js/general-widget.js]
[admin.pixelstrap.com/cuba/template/general-widget.html]
[admin.pixelstrap.com/cuba/assets/css/vendors/prism.css]
[admin.pixelstrap.com/cuba/assets/js/prism/prism.min.js]
[admin.pixelstrap.com/cuba/assets/js/clipboard/clipboard.min.js]
[admin.pixelstrap.com/cuba/assets/js/custom-card/custom-card.js]
[admin.pixelstrap.com/cuba/assets/js/chart-widget.js]
[admin.pixelstrap.com/cuba/template/chart-widget.html]
[admin.pixelstrap.com/cuba/template/box-layout.html]
[admin.pixelstrap.com/cuba/template/layout-rtl.html]
[admin.pixelstrap.com/cuba/template/layout-dark.html]
[admin.pixelstrap.com/cuba/assets/js/hide-on-scroll.js]
[admin.pixelstrap.com/cuba/template/hide-on-scroll.html]
[admin.pixelstrap.com/cuba/template/footer-light.html]
[admin.pixelstrap.com/cuba/template/footer-dark.html]
[admin.pixelstrap.com/cuba/template/footer-fixed.html]
[admin.pixelstrap.com/cuba/template/projectcreate.html]
[admin.pixelstrap.com/cuba/assets/images/project/files/pdf.png]
[admin.pixelstrap.com/cuba/assets/images/project/objective/phone1.png]
[admin.pixelstrap.com/cuba/assets/images/project/objective/phone.png]
[admin.pixelstrap.com/cuba/assets/images/project/objective/phone2.png]
[admin.pixelstrap.com/cuba/assets/images/project/flowchart-1.png]
[admin.pixelstrap.com/cuba/assets/images/project/flowchart-2.png]
[admin.pixelstrap.com/cuba/assets/images/project/flowchart-3.png]
[admin.pixelstrap.com/cuba/assets/images/project/flowchart-4.png]
[admin.pixelstrap.com/cuba/assets/images/project/flowchart-5.png]
[admin.pixelstrap.com/cuba/template/project-details.html]
[admin.pixelstrap.com/cuba/assets/js/custom-project.js]
[admin.pixelstrap.com/cuba/assets/images/project/list/1.png]
[admin.pixelstrap.com/cuba/assets/images/project/list/2.png]
[admin.pixelstrap.com/cuba/assets/images/project/list/3.png]
[admin.pixelstrap.com/cuba/assets/images/project/list/4.png]
[admin.pixelstrap.com/cuba/assets/images/project/list/5.png]
[admin.pixelstrap.com/cuba/assets/images/project/list/6.png]
[admin.pixelstrap.com/cuba/assets/images/project/list/7.png]
[admin.pixelstrap.com/cuba/assets/images/project/list/9.png]
[admin.pixelstrap.com/cuba/assets/images/project/list/10.png]
[admin.pixelstrap.com/cuba/assets/images/project/list/12.png]
[admin.pixelstrap.com/cuba/assets/images/project/list/11.png]
[admin.pixelstrap.com/cuba/assets/images/user/2.jpg]
[admin.pixelstrap.com/cuba/assets/images/project/list/8.png]
[admin.pixelstrap.com/cuba/assets/js/projects/common-project-stat.js]
[admin.pixelstrap.com/cuba/template/project-list.html]
[admin.pixelstrap.com/cuba/template/createnew.html]
[admin.pixelstrap.com/cuba/assets/images/dashboard/folder.png]
[admin.pixelstrap.com/cuba/assets/images/dashboard/folder1.png]
[admin.pixelstrap.com/cuba/assets/images/other-images/sea.jpg]
[admin.pixelstrap.com/cuba/assets/js/custom_filemanager.js]
[admin.pixelstrap.com/cuba/template/file-manager.html]
[admin.pixelstrap.com/cuba/assets/css/vendors/jkanban.min.css]
[admin.pixelstrap.com/cuba/assets/js/jkanban/jkanban.js]
[admin.pixelstrap.com/cuba/template/kanban.html]
[admin.pixelstrap.com/cuba/assets/js/jkanban/custom.js]
[admin.pixelstrap.com/cuba/assets/css/vendors/intltelinput.min.css]
[admin.pixelstrap.com/cuba/assets/css/vendors/tagify.css]
[admin.pixelstrap.com/cuba/assets/css/vendors/dropzone.min.css]
[admin.pixelstrap.com/cuba/assets/css/vendors/sweetalert2.css]
[admin.pixelstrap.com/cuba/assets/js/flat-pickr/custom-flatpickr.js]
[admin.pixelstrap.com/cuba/assets/js/dropzone/dropzone.min.js]
[admin.pixelstrap.com/cuba/assets/js/dropzone/dropzone-script.js]
[admin.pixelstrap.com/cuba/assets/js/sweet-alert/sweetalert.min.js]
[admin.pixelstrap.com/cuba/assets/js/select2/tagify.js]
[admin.pixelstrap.com/cuba/assets/js/select2/tagify.polyfills.min.js]
[admin.pixelstrap.com/cuba/assets/js/select2/intltelinput.min.js]
[admin.pixelstrap.com/cuba/assets/js/add-product/select4-custom.js]
[admin.pixelstrap.com/cuba/assets/js/custom-add-product.js]
[admin.pixelstrap.com/cuba/assets/js/modalpage/validation-modal.js]
[admin.pixelstrap.com/cuba/template/add-products.html]
[admin.pixelstrap.com/cuba/assets/css/vendors/select2.css]
[admin.pixelstrap.com/cuba/assets/css/vendors/range-slider.css]
[admin.pixelstrap.com/cuba/assets/images/ecommerce/01.jpg]
[admin.pixelstrap.com/cuba/assets/images/ecommerce/02.jpg]
[admin.pixelstrap.com/cuba/assets/images/ecommerce/03.jpg]
[admin.pixelstrap.com/cuba/assets/images/ecommerce/04.jpg]
[admin.pixelstrap.com/cuba/assets/images/ecommerce/09.jpg]
[admin.pixelstrap.com/cuba/assets/images/ecommerce/10.jpg]
[admin.pixelstrap.com/cuba/assets/images/ecommerce/11.jpg]
[admin.pixelstrap.com/cuba/assets/images/ecommerce/12.jpg]
[admin.pixelstrap.com/cuba/assets/images/ecommerce/13.jpg]
[admin.pixelstrap.com/cuba/assets/images/ecommerce/14.jpg]
[admin.pixelstrap.com/cuba/assets/images/ecommerce/15.jpg]
[admin.pixelstrap.com/cuba/assets/images/ecommerce/16.jpg]
[admin.pixelstrap.com/cuba/assets/images/ecommerce/17.jpg]
[admin.pixelstrap.com/cuba/assets/images/ecommerce/18.jpg]
[admin.pixelstrap.com/cuba/assets/images/ecommerce/19.jpg]
[admin.pixelstrap.com/cuba/assets/images/ecommerce/20.jpg]
[admin.pixelstrap.com/cuba/assets/js/range-slider/ion.rangeSlider.min.js]
[admin.pixelstrap.com/cuba/assets/js/range-slider/rangeslider-script.js]
[admin.pixelstrap.com/cuba/assets/js/select2/select2.full.min.js]
[admin.pixelstrap.com/cuba/assets/js/select2/select2-custom.js]
[admin.pixelstrap.com/cuba/assets/js/product-tab.js]
[admin.pixelstrap.com/cuba/assets/js/common-color-selector.js]
[admin.pixelstrap.com/cuba/template/product-grid.html]
[admin.pixelstrap.com/cuba/assets/images/product/accessories/07.png]
[admin.pixelstrap.com/cuba/assets/images/email-template/3.png]
[admin.pixelstrap.com/cuba/assets/images/product/accessories/01.png]
[admin.pixelstrap.com/cuba/assets/images/product/accessories/02.png]
[admin.pixelstrap.com/cuba/assets/images/dashboard-8/product-categories/watch.png]
[admin.pixelstrap.com/cuba/assets/images/product/accessories/05.png]
[admin.pixelstrap.com/cuba/assets/images/product/accessories/03.png]
[admin.pixelstrap.com/cuba/assets/images/product/accessories/08.png]
[admin.pixelstrap.com/cuba/assets/images/product/accessories/06.png]
[admin.pixelstrap.com/cuba/assets/js/trash_popup.js]
[admin.pixelstrap.com/cuba/template/products-list.html]
[admin.pixelstrap.com/cuba/assets/images/ecommerce/05.jpg]
[admin.pixelstrap.com/cuba/assets/images/ecommerce/06.jpg]
[admin.pixelstrap.com/cuba/assets/images/ecommerce/07.jpg]
[admin.pixelstrap.com/cuba/assets/images/ecommerce/08.jpg]
[admin.pixelstrap.com/cuba/assets/js/ecommerce.js]
[admin.pixelstrap.com/cuba/assets/js/custom_zoom_magnifier.js]
[admin.pixelstrap.com/cuba/template/product-details.html]
[admin.pixelstrap.com/cuba/assets/images/product/1.png]
[admin.pixelstrap.com/cuba/assets/images/product/category/1.png]
[admin.pixelstrap.com/cuba/assets/images/product/category/2.png]
[admin.pixelstrap.com/cuba/assets/images/product/category/3.png]
[admin.pixelstrap.com/cuba/assets/images/product/category/4.png]
[admin.pixelstrap.com/cuba/assets/images/product/2.png]
[admin.pixelstrap.com/cuba/assets/images/product/14.png]
[admin.pixelstrap.com/cuba/assets/images/product/12.png]
[admin.pixelstrap.com/cuba/assets/images/product/11.png]
[admin.pixelstrap.com/cuba/assets/js/custom_category.js]
[admin.pixelstrap.com/cuba/template/category.html]
[admin.pixelstrap.com/cuba/template/seller-list.html]
[admin.pixelstrap.com/cuba/template/seller-details.html]
[admin.pixelstrap.com/cuba/template/order-history.html]
[admin.pixelstrap.com/cuba/template/order-details.html]
[admin.pixelstrap.com/cuba/assets/js/seller_detail.js]
[admin.pixelstrap.com/cuba/assets/images/email-template/invoice-1/1.png]
[admin.pixelstrap.com/cuba/assets/images/email-template/invoice-1/sign.png]
[admin.pixelstrap.com/cuba/template/invoice-1.html]
[admin.pixelstrap.com/cuba/template/invoice-2.html]
[admin.pixelstrap.com/cuba/assets/images/email-template/invoice-3/bg-0.png]
[admin.pixelstrap.com/cuba/template/invoice-3.html]
[admin.pixelstrap.com/cuba/assets/images/email-template/invoice-3/sign.png]
[admin.pixelstrap.com/cuba/template/invoice-4.html]
[admin.pixelstrap.com/cuba/template/invoice-5.html]
[admin.pixelstrap.com/cuba/assets/images/other-images/logo-login.png]
[admin.pixelstrap.com/cuba/assets/images/other-images/logo-light.png]
[admin.pixelstrap.com/cuba/assets/images/user/1.jpg]
[admin.pixelstrap.com/cuba/assets/images/other-images/paypal.png]
[admin.pixelstrap.com/cuba/template/invoice-template.html]
[admin.pixelstrap.com/cuba/assets/images/product/category/5.png]
[admin.pixelstrap.com/cuba/template/wishlist.html]
[admin.pixelstrap.com/cuba/assets/css/vendors/dataTables.bootstrap5.css]
[admin.pixelstrap.com/cuba/assets/css/vendors/autoFill.bootstrap5.css]
[admin.pixelstrap.com/cuba/assets/css/vendors/keyTable.bootstrap5.css]
[admin.pixelstrap.com/cuba/assets/css/vendors/buttons.bootstrap5.css]
[admin.pixelstrap.com/cuba/assets/css/vendors/fixedHeader.bootstrap5.css]
[admin.pixelstrap.com/cuba/assets/css/vendors/responsive.bootstrap5.css]
[admin.pixelstrap.com/cuba/assets/css/vendors/rowReorder.bootstrap5.css]
[admin.pixelstrap.com/cuba/assets/js/datatable/datatables/dataTables.bootstrap5.js]
[admin.pixelstrap.com/cuba/assets/js/datatable/datatables/dataTables1.js]
[admin.pixelstrap.com/cuba/assets/js/datatable/datatable-extension/dataTables.autoFill.js]
[admin.pixelstrap.com/cuba/assets/js/datatable/datatable-extension/autoFill.bootstrap5.js]
[admin.pixelstrap.com/cuba/assets/js/datatable/datatable-extension/dataTables.keyTable.js]
[admin.pixelstrap.com/cuba/assets/js/datatable/datatable-extension/keyTable.bootstrap5.js]
[admin.pixelstrap.com/cuba/assets/js/datatable/datatable-extension/dataTables.buttons.js]
[admin.pixelstrap.com/cuba/assets/js/datatable/datatable-extension/buttons.bootstrap5.js]
[admin.pixelstrap.com/cuba/assets/js/datatable/datatable-extension/buttons.colVis.min.js]
[admin.pixelstrap.com/cuba/assets/js/datatable/datatable-extension/dataTables.fixedHeader.js]
[admin.pixelstrap.com/cuba/assets/js/datatable/datatable-extension/fixedHeader.bootstrap5.js]
[admin.pixelstrap.com/cuba/assets/js/datatable/datatable-extension/jszip.min.js]
[admin.pixelstrap.com/cuba/assets/js/datatable/datatable-extension/vfs_fonts.js]
[admin.pixelstrap.com/cuba/assets/js/datatable/datatable-extension/buttons.html5.min.js]
[admin.pixelstrap.com/cuba/assets/js/datatable/datatable-extension/pdfmake.min.js]
[admin.pixelstrap.com/cuba/assets/js/datatable/datatable-extension/buttons.print.min.js]
[admin.pixelstrap.com/cuba/assets/js/datatable/datatable-extension/dataTables.responsive.js]
[admin.pixelstrap.com/cuba/assets/js/datatable/datatable-extension/responsive.bootstrap5.js]
[admin.pixelstrap.com/cuba/assets/js/datatable/datatable-extension/dataTables.rowReorder.js]
[admin.pixelstrap.com/cuba/assets/js/datatable/datatable-extension/rowReorder.bootstrap5.js]
[admin.pixelstrap.com/cuba/assets/js/datatable/datatable-extension/custom.js]
[admin.pixelstrap.com/cuba/template/manage-review.html]
[admin.pixelstrap.com/cuba/assets/js/bootstrap-multiselectsplitter.min.js]
[admin.pixelstrap.com/cuba/assets/js/custom-setting.js]
[admin.pixelstrap.com/cuba/template/settings.html]
[admin.pixelstrap.com/cuba/assets/images/avtar/7.jpg]
[admin.pixelstrap.com/cuba/assets/images/avtar/4.jpg]
[admin.pixelstrap.com/cuba/assets/images/blog/comment.jpg]
[admin.pixelstrap.com/cuba/assets/images/blog/4.jpg]
[admin.pixelstrap.com/cuba/assets/images/blog/12.png]
[admin.pixelstrap.com/cuba/assets/images/blog/9.jpg]
[admin.pixelstrap.com/cuba/assets/images/blog/14.png]
[admin.pixelstrap.com/cuba/assets/js/common-chat.js]
[admin.pixelstrap.com/cuba/assets/js/common-active-chat.js]
[admin.pixelstrap.com/cuba/assets/js/emoji-js/custom-emoji.js]
[admin.pixelstrap.com/cuba/assets/js/emoji-js/custom-emojis.js]
[admin.pixelstrap.com/cuba/template/private-chat.html]
[admin.pixelstrap.com/cuba/template/group-chat.html]
[admin.pixelstrap.com/cuba/assets/js/counter/custom-counter1.js]
[admin.pixelstrap.com/cuba/assets/js/common-avatar-change.js]
[admin.pixelstrap.com/cuba/template/user-profile.html]
[admin.pixelstrap.com/cuba/assets/js/common-check.js]
[admin.pixelstrap.com/cuba/template/user-list.html]
[admin.pixelstrap.com/cuba/assets/images/dashboard-5/profile.png]
[admin.pixelstrap.com/cuba/assets/images/avtar/11.jpg]
[admin.pixelstrap.com/cuba/assets/images/user/2.png]
[admin.pixelstrap.com/cuba/template/user-cards.html]
[admin.pixelstrap.com/cuba/template/roles-permission.html]
[admin.pixelstrap.com/cuba/assets/js/flat-pickr/moment.js]
[admin.pixelstrap.com/cuba/template/product-report.html]
[admin.pixelstrap.com/cuba/template/sales-report.html]
[admin.pixelstrap.com/cuba/template/sales-return.html]
[admin.pixelstrap.com/cuba/assets/js/flat-pickr/custom-range-btn.js]
[admin.pixelstrap.com/cuba/template/customer-order.html]
[admin.pixelstrap.com/cuba/assets/images/lightgallry/01.jpg]
[admin.pixelstrap.com/cuba/assets/images/lightgallry/02.jpg]
[admin.pixelstrap.com/cuba/assets/images/lightgallry/03.jpg]
[admin.pixelstrap.com/cuba/assets/images/lightgallry/04.jpg]
[admin.pixelstrap.com/cuba/assets/images/lightgallry/05.jpg]
[admin.pixelstrap.com/cuba/assets/images/lightgallry/06.jpg]
[admin.pixelstrap.com/cuba/assets/images/lightgallry/011.jpg]
[admin.pixelstrap.com/cuba/assets/images/lightgallry/012.jpg]
[admin.pixelstrap.com/cuba/assets/images/lightgallry/013.jpg]
[admin.pixelstrap.com/cuba/assets/images/lightgallry/014.jpg]
[admin.pixelstrap.com/cuba/assets/images/lightgallry/015.jpg]
[admin.pixelstrap.com/cuba/assets/images/lightgallry/016.jpg]
[admin.pixelstrap.com/cuba/template/bookmark.html]
[admin.pixelstrap.com/cuba/assets/js/contacts/custom.js]
[admin.pixelstrap.com/cuba/template/contacts.html]
[admin.pixelstrap.com/cuba/assets/css/vendors/calendar.css]
[admin.pixelstrap.com/cuba/template/calendar.html]
[admin.pixelstrap.com/cuba/assets/js/calendar/fullcalendar-custom.js]
[admin.pixelstrap.com/cuba/assets/js/calendar/fullcalendar.min.js]
[admin.pixelstrap.com/cuba/assets/css/vendors/photoswipe.css]
[admin.pixelstrap.com/cuba/assets/images/user/5.jpg]
[admin.pixelstrap.com/cuba/assets/images/user/8.jpg]
[admin.pixelstrap.com/cuba/assets/images/user/11.png]
[admin.pixelstrap.com/cuba/assets/images/social-app/timeline-3.png]
[admin.pixelstrap.com/cuba/assets/images/user/4.jpg]
[admin.pixelstrap.com/cuba/assets/images/social-app/timeline-1.png]
[admin.pixelstrap.com/cuba/assets/images/social-app/timeline-2.png]
[admin.pixelstrap.com/cuba/assets/images/social-app/post-2.png]
[admin.pixelstrap.com/cuba/assets/images/social-app/post-3.png]
[admin.pixelstrap.com/cuba/assets/images/social-app/post-4.png]
[admin.pixelstrap.com/cuba/assets/images/social-app/post-5.png]
[admin.pixelstrap.com/cuba/assets/images/social-app/post-6.png]
[admin.pixelstrap.com/cuba/assets/images/social-app/post-7.png]
[admin.pixelstrap.com/cuba/assets/images/social-app/post-8.png]
[admin.pixelstrap.com/cuba/assets/images/social-app/timeline-4.png]
[admin.pixelstrap.com/cuba/assets/images/social-app/post-9.png]
[admin.pixelstrap.com/cuba/assets/images/big-lightgallry/01.jpg]
[admin.pixelstrap.com/cuba/assets/images/big-lightgallry/02.jpg]
[admin.pixelstrap.com/cuba/assets/images/big-lightgallry/03.jpg]
[admin.pixelstrap.com/cuba/assets/images/big-lightgallry/04.jpg]
[admin.pixelstrap.com/cuba/assets/images/big-lightgallry/05.jpg]
[admin.pixelstrap.com/cuba/assets/images/big-lightgallry/011.jpg]
[admin.pixelstrap.com/cuba/assets/images/big-lightgallry/010.jpg]
[admin.pixelstrap.com/cuba/assets/images/lightgallry/010.jpg]
[admin.pixelstrap.com/cuba/assets/images/big-lightgallry/08.jpg]
[admin.pixelstrap.com/cuba/assets/images/lightgallry/08.jpg]
[admin.pixelstrap.com/cuba/assets/js/photoswipe/photoswipe.min.js]
[admin.pixelstrap.com/cuba/assets/js/photoswipe/photoswipe-ui-default.min.js]
[admin.pixelstrap.com/cuba/template/social-app.html]
[admin.pixelstrap.com/cuba/assets/js/photoswipe/photoswipe.js]
[admin.pixelstrap.com/cuba/template/to-do.html]
[admin.pixelstrap.com/cuba/assets/js/custom-todo.js]
[admin.pixelstrap.com/cuba/assets/images/blog/blog.jpg]
[admin.pixelstrap.com/cuba/assets/images/search/1.jpg]
[admin.pixelstrap.com/cuba/assets/images/search/4.jpg]
[admin.pixelstrap.com/cuba/assets/images/search/6.png]
[admin.pixelstrap.com/cuba/assets/images/search/2.png]
[admin.pixelstrap.com/cuba/assets/images/search/3.png]
[admin.pixelstrap.com/cuba/assets/images/search/1.png]
[admin.pixelstrap.com/cuba/assets/images/search/4.png]
[admin.pixelstrap.com/cuba/assets/images/search/5.png]
[admin.pixelstrap.com/cuba/assets/images/search/2.jpg]
[admin.pixelstrap.com/cuba/assets/images/search/3.jpg]
[admin.pixelstrap.com/cuba/assets/images/search/5.jpg]
[admin.pixelstrap.com/cuba/assets/images/search/6.jpg]
[admin.pixelstrap.com/cuba/assets/images/search/audio-1.png]
[admin.pixelstrap.com/cuba/assets/images/search/audio-2.png]
[admin.pixelstrap.com/cuba/assets/images/search/audio-3.png]
[admin.pixelstrap.com/cuba/assets/images/search/audio-4.png]
[admin.pixelstrap.com/cuba/assets/images/search/audio-5.png]
[admin.pixelstrap.com/cuba/assets/js/custom-search.js]
[admin.pixelstrap.com/cuba/assets/js/custom-click.js]
[admin.pixelstrap.com/cuba/template/search-result.html]
[admin.pixelstrap.com/cuba/assets/js/custom-animated-form.js]
[admin.pixelstrap.com/cuba/assets/js/custom-pwd-validation.js]
[admin.pixelstrap.com/cuba/template/form-validation.html]
[admin.pixelstrap.com/cuba/assets/js/bootstrap-maxlength.min.js]
[admin.pixelstrap.com/cuba/assets/js/base-input/custom-inputs.js]
[admin.pixelstrap.com/cuba/assets/js/base-input/maxlength-input.js]
[admin.pixelstrap.com/cuba/template/base-input.html]
[admin.pixelstrap.com/cuba/assets/images/switch/1.jpg]
[admin.pixelstrap.com/cuba/assets/images/switch/2.jpg]
[admin.pixelstrap.com/cuba/assets/images/switch/3.jpg]
[admin.pixelstrap.com/cuba/assets/images/switch/4.jpg]
[admin.pixelstrap.com/cuba/assets/images/switch/5.jpg]
[admin.pixelstrap.com/cuba/assets/images/switch/6.jpg]
[admin.pixelstrap.com/cuba/assets/images/switch/7.jpg]
[admin.pixelstrap.com/cuba/assets/images/switch/8.jpg]
[admin.pixelstrap.com/cuba/assets/js/bs-indeterminate.js]
[admin.pixelstrap.com/cuba/template/radio-checkbox-control.html]
[admin.pixelstrap.com/cuba/template/input-group.html]
[admin.pixelstrap.com/cuba/assets/js/cleave/cleave.min.js]
[admin.pixelstrap.com/cuba/assets/js/cleave/custom-cleave.js]
[admin.pixelstrap.com/cuba/template/input-mask.html]
[admin.pixelstrap.com/cuba/assets/images/ecommerce/card.png]
[admin.pixelstrap.com/cuba/assets/images/ecommerce/mastercard.png]
[admin.pixelstrap.com/cuba/assets/images/ecommerce/paypal.png]
[admin.pixelstrap.com/cuba/assets/images/ecommerce/visa.png]
[admin.pixelstrap.com/cuba/assets/images/blog/img.png]
[admin.pixelstrap.com/cuba/assets/images/email-template/11.jpg]
[admin.pixelstrap.com/cuba/assets/images/email-template/10.jpg]
[admin.pixelstrap.com/cuba/template/megaoptions.html]
[admin.pixelstrap.com/cuba/template/datepicker.html]
[admin.pixelstrap.com/cuba/template/touchspin.html]
[admin.pixelstrap.com/cuba/assets/js/select2/telephone-input.js]
[admin.pixelstrap.com/cuba/assets/js/select2/custom-inputsearch.js]
[admin.pixelstrap.com/cuba/template/select2.html]
[admin.pixelstrap.com/cuba/template/switch.html]
[admin.pixelstrap.com/cuba/template/typeahead.html]
[admin.pixelstrap.com/cuba/assets/js/select2/select3-custom.js]
[admin.pixelstrap.com/cuba/assets/js/clipboard/clipboard-script.js]
[admin.pixelstrap.com/cuba/template/clipboard.html]
[admin.pixelstrap.com/cuba/assets/images/product/13.png]
[admin.pixelstrap.com/cuba/assets/images/email-template/4.png]
[admin.pixelstrap.com/cuba/assets/js/form-wizard/form-wizard.js]
[admin.pixelstrap.com/cuba/assets/js/form-wizard/image-upload.js]
[admin.pixelstrap.com/cuba/template/form-wizard.html]
[admin.pixelstrap.com/cuba/assets/images/forms/hdfc.png]
[admin.pixelstrap.com/cuba/assets/images/forms/Bank-of-Baroda.png]
[admin.pixelstrap.com/cuba/assets/images/forms/idbi.png]
[admin.pixelstrap.com/cuba/assets/images/forms/rbl.png]
[admin.pixelstrap.com/cuba/assets/images/forms/us-bank.png]
[admin.pixelstrap.com/cuba/assets/images/forms/axis.png]
[admin.pixelstrap.com/cuba/assets/images/forms/SCB.png]
[admin.pixelstrap.com/cuba/template/form-wizard-two.html]
[admin.pixelstrap.com/cuba/assets/images/forms/qr-scan.png]
[admin.pixelstrap.com/cuba/assets/images/forms/qr-code.png]
[admin.pixelstrap.com/cuba/assets/images/forms/email.png]
[admin.pixelstrap.com/cuba/assets/images/forms/authenticate.png]
[admin.pixelstrap.com/cuba/assets/js/form-wizard/verification.js]
[admin.pixelstrap.com/cuba/template/two-factor.html]
[admin.pixelstrap.com/cuba/template/bootstrap-basic-table.html]
[admin.pixelstrap.com/cuba/template/table-components.html]
[admin.pixelstrap.com/cuba/assets/js/datatable/datatables/datatable.custom2.js]
[admin.pixelstrap.com/cuba/template/datatable-basic-init.html]
[admin.pixelstrap.com/cuba/template/datatable-advance.html]
[admin.pixelstrap.com/cuba/template/datatable-API.html]
[admin.pixelstrap.com/cuba/template/datatable-data-source.html]
[admin.pixelstrap.com/cuba/assets/js/datatable/datatable_advance.js]
[admin.pixelstrap.com/cuba/assets/images/user/9.jpg]
[admin.pixelstrap.com/cuba/template/datatable-ext-autofill.html]
[admin.pixelstrap.com/cuba/assets/css/vendors/jsgrid.css]
[admin.pixelstrap.com/cuba/assets/js/jsgrid/jsgrid.min.js]
[admin.pixelstrap.com/cuba/assets/js/jsgrid/griddata.js]
[admin.pixelstrap.com/cuba/assets/js/jsgrid/jsgrid.js]
[admin.pixelstrap.com/cuba/template/jsgrid-table.html]
[admin.pixelstrap.com/cuba/template/typography.html]
[admin.pixelstrap.com/cuba/template/avatars.html]
[admin.pixelstrap.com/cuba/template/divider.html]
[admin.pixelstrap.com/cuba/template/helper-classes.html]
[admin.pixelstrap.com/cuba/template/grid.html]
[admin.pixelstrap.com/cuba/template/tag-pills.html]
[admin.pixelstrap.com/cuba/assets/js/custom-progress.js]
[admin.pixelstrap.com/cuba/template/progress-bar.html]
[admin.pixelstrap.com/cuba/assets/images/gif/online-shopping.gif]
[admin.pixelstrap.com/cuba/assets/images/gif/danger.gif]
[admin.pixelstrap.com/cuba/assets/images/gif/whatapp.gif]
[admin.pixelstrap.com/cuba/assets/images/gif/instagram.gif]
[admin.pixelstrap.com/cuba/assets/images/gif/facebook.gif]
[admin.pixelstrap.com/cuba/assets/images/gif/logout.gif]
[admin.pixelstrap.com/cuba/assets/js/popover-custom.js]
[admin.pixelstrap.com/cuba/template/modal.html]
[admin.pixelstrap.com/cuba/assets/js/alert.js]
[admin.pixelstrap.com/cuba/template/alert.html]
[admin.pixelstrap.com/cuba/template/popover.html]
[admin.pixelstrap.com/cuba/assets/images/masonry/5.jpg]
[admin.pixelstrap.com/cuba/assets/images/masonry/13.jpg]
[admin.pixelstrap.com/cuba/template/placeholders.html]
[admin.pixelstrap.com/cuba/template/tooltip.html]
[admin.pixelstrap.com/cuba/template/dropdown.html]
[admin.pixelstrap.com/cuba/template/according.html]
[admin.pixelstrap.com/cuba/assets/images/dashboard-2/headphones.png]
[admin.pixelstrap.com/cuba/assets/images/switch/s1.jpg]
[admin.pixelstrap.com/cuba/assets/images/switch/s2.jpg]
[admin.pixelstrap.com/cuba/assets/images/switch/s3.jpg]
[admin.pixelstrap.com/cuba/assets/images/switch/c1.jpg]
[admin.pixelstrap.com/cuba/assets/images/switch/c2.jpg]
[admin.pixelstrap.com/cuba/assets/images/switch/c3.jpg]
[admin.pixelstrap.com/cuba/assets/images/switch/t1.jpg]
[admin.pixelstrap.com/cuba/assets/images/switch/t2.jpg]
[admin.pixelstrap.com/cuba/assets/images/switch/t3.jpg]
[admin.pixelstrap.com/cuba/assets/images/switch/t4.jpg]
[admin.pixelstrap.com/cuba/assets/images/switch/t5.jpg]
[admin.pixelstrap.com/cuba/assets/images/switch/t6.jpg]
[admin.pixelstrap.com/cuba/assets/images/tree/css.png]
[admin.pixelstrap.com/cuba/assets/images/tree/vendor.png]
[admin.pixelstrap.com/cuba/assets/images/tree/js.png]
[admin.pixelstrap.com/cuba/template/tab-bootstrap.html]
[admin.pixelstrap.com/cuba/template/offcanvas.html]
[admin.pixelstrap.com/cuba/template/navigate-links.html]
[admin.pixelstrap.com/cuba/template/list.html]
[admin.pixelstrap.com/cuba/template/abc.html]
[admin.pixelstrap.com/cuba/assets/css/vendors/scrollable.css]
[admin.pixelstrap.com/cuba/assets/images/banner/1.jpg]
[admin.pixelstrap.com/cuba/assets/images/banner/3.jpg]
[admin.pixelstrap.com/cuba/assets/images/scrollbar/fashion1.jpg]
[admin.pixelstrap.com/cuba/assets/images/scrollbar/fashion2.jpg]
[admin.pixelstrap.com/cuba/assets/images/scrollbar/fashion3.jpg]
[admin.pixelstrap.com/cuba/assets/images/scrollbar/fashion4.jpg]
[admin.pixelstrap.com/cuba/assets/images/scrollbar/fashion5.jpg]
[admin.pixelstrap.com/cuba/assets/images/scrollbar/fashion6.jpg]
[admin.pixelstrap.com/cuba/assets/images/banner/2.jpg]
[admin.pixelstrap.com/cuba/assets/images/email/3.jpg]
[admin.pixelstrap.com/cuba/assets/images/banner/4.jpg]
[admin.pixelstrap.com/cuba/assets/js/scrollable/perfect-scrollbar.min.js]
[admin.pixelstrap.com/cuba/assets/js/scrollable/scrollable-custom.js]
[admin.pixelstrap.com/cuba/template/scrollable.html]
[admin.pixelstrap.com/cuba/assets/images/tree/s1.png]
[admin.pixelstrap.com/cuba/assets/images/tree/picture.png]
[admin.pixelstrap.com/cuba/assets/images/tree/social.png]
[admin.pixelstrap.com/cuba/assets/images/tree/chart.png]
[admin.pixelstrap.com/cuba/assets/images/tree/chart1.png]
[admin.pixelstrap.com/cuba/assets/images/tree/volume.png]
[admin.pixelstrap.com/cuba/assets/images/tree/slick.png]
[admin.pixelstrap.com/cuba/assets/images/tree/emoji.png]
[admin.pixelstrap.com/cuba/assets/images/social-app/post-10.png]
[admin.pixelstrap.com/cuba/assets/images/social-app/post-11.png]
[admin.pixelstrap.com/cuba/assets/images/social-app/post-12.png]
[admin.pixelstrap.com/cuba/assets/js/sortable/sortable.min.js]
[admin.pixelstrap.com/cuba/assets/js/sortable/custom_sortable.js]
[admin.pixelstrap.com/cuba/template/tree.html]
[admin.pixelstrap.com/cuba/assets/js/notify/custom-notify.js]
[admin.pixelstrap.com/cuba/template/toasts.html]
[admin.pixelstrap.com/cuba/assets/images/other-images/profile-style-img3.png]
[admin.pixelstrap.com/cuba/assets/js/blockui/custom-blockui.js]
[admin.pixelstrap.com/cuba/assets/js/blockui/custom-freeze.js]
[admin.pixelstrap.com/cuba/template/block-ui.html]
[admin.pixelstrap.com/cuba/assets/js/rating/custom_rating.js]
[admin.pixelstrap.com/cuba/template/rating.html]
[admin.pixelstrap.com/cuba/assets/css/vendors/filepond.css]
[admin.pixelstrap.com/cuba/assets/css/vendors/filepond-plugin-image-preview.css]
[admin.pixelstrap.com/cuba/assets/js/filepond/filepond-plugin-image-preview.js]
[admin.pixelstrap.com/cuba/assets/js/filepond/filepond-plugin-file-rename.js]
[admin.pixelstrap.com/cuba/assets/js/filepond/filepond-plugin-image-transform.js]
[admin.pixelstrap.com/cuba/assets/js/filepond/filepond.js]
[admin.pixelstrap.com/cuba/assets/js/filepond/custom-filepond.js]
[admin.pixelstrap.com/cuba/template/dropzone.html]
[admin.pixelstrap.com/cuba/assets/css/vendors/tour.css]
[admin.pixelstrap.com/cuba/assets/images/other-images/mountain.jpg]
[admin.pixelstrap.com/cuba/assets/js/tour/intro.js]
[admin.pixelstrap.com/cuba/assets/js/tour/intro-init.js]
[admin.pixelstrap.com/cuba/template/tour.html]
[admin.pixelstrap.com/cuba/assets/css/vendors/animate.min.css]
[admin.pixelstrap.com/cuba/template/sweet-alert2.html]
[admin.pixelstrap.com/cuba/assets/js/sweet-alert/app.js]
[admin.pixelstrap.com/cuba/assets/images/slider/6.jpg]
[admin.pixelstrap.com/cuba/assets/js/modal-animated.js]
[admin.pixelstrap.com/cuba/assets/js/modal-animated1.js]
[admin.pixelstrap.com/cuba/template/modal-animated.html]
[admin.pixelstrap.com/cuba/assets/images/slider/11.jpg]
[admin.pixelstrap.com/cuba/assets/images/slider/9.jpg]
[admin.pixelstrap.com/cuba/assets/images/slider/7.jpg]
[admin.pixelstrap.com/cuba/assets/images/slider/10.jpg]
[admin.pixelstrap.com/cuba/assets/images/slider/4.jpg]
[admin.pixelstrap.com/cuba/assets/images/slider/1.jpg]
[admin.pixelstrap.com/cuba/assets/images/slider/3.jpg]
[admin.pixelstrap.com/cuba/assets/images/slider/8.jpg]
[admin.pixelstrap.com/cuba/assets/images/slider/2.jpg]
[admin.pixelstrap.com/cuba/assets/images/slider/5.jpg]
[admin.pixelstrap.com/cuba/assets/js/custom-swiper/custom_swiper1.js]
[admin.pixelstrap.com/cuba/template/owl-carousel.html]
[admin.pixelstrap.com/cuba/template/ribbons.html]
[admin.pixelstrap.com/cuba/template/pagination.html]
[admin.pixelstrap.com/cuba/assets/js/scrollspy/common-scrollspy.js]
[admin.pixelstrap.com/cuba/template/scrollspy.html]
[admin.pixelstrap.com/cuba/template/breadcrumb.html]
[admin.pixelstrap.com/cuba/template/range-slider.html]
[admin.pixelstrap.com/cuba/template/ratios.html]
[admin.pixelstrap.com/cuba/assets/css/vendors/image-cropper.css]
[admin.pixelstrap.com/cuba/assets/images/other-images/bg-profile.png]
[admin.pixelstrap.com/cuba/assets/images/other-images/img-cropper.jpg]
[admin.pixelstrap.com/cuba/assets/js/image-cropper/cropper.js]
[admin.pixelstrap.com/cuba/assets/js/image-cropper/cropper-main.js]
[admin.pixelstrap.com/cuba/template/image-cropper.html]
[admin.pixelstrap.com/cuba/template/basic-card.html]
[admin.pixelstrap.com/cuba/template/creative-card.html]
[admin.pixelstrap.com/cuba/assets/js/dragable/sortable-custom.js]
[admin.pixelstrap.com/cuba/template/draggable-card.html]
[admin.pixelstrap.com/cuba/assets/js/timeline/custom-timeline.js]
[admin.pixelstrap.com/cuba/template/timeline-v-1.html]
[admin.pixelstrap.com/cuba/assets/js/animation/animate-custom.js]
[admin.pixelstrap.com/cuba/template/animate.html]
[admin.pixelstrap.com/cuba/assets/images/big-lightgallry/06.jpg]
[admin.pixelstrap.com/cuba/assets/images/big-lightgallry/07.jpg]
[admin.pixelstrap.com/cuba/assets/images/lightgallry/07.jpg]
[admin.pixelstrap.com/cuba/assets/images/big-lightgallry/09.jpg]
[admin.pixelstrap.com/cuba/assets/images/lightgallry/09.jpg]
[admin.pixelstrap.com/cuba/assets/images/big-lightgallry/012.jpg]
[admin.pixelstrap.com/cuba/assets/images/big-lightgallry/013.jpg]
[admin.pixelstrap.com/cuba/assets/images/big-lightgallry/014.jpg]
[admin.pixelstrap.com/cuba/assets/images/big-lightgallry/015.jpg]
[admin.pixelstrap.com/cuba/assets/images/big-lightgallry/016.jpg]
[admin.pixelstrap.com/cuba/assets/js/animation/scroll-reveal/scrollreveal.min.js]
[admin.pixelstrap.com/cuba/assets/js/modernizr.js]
[admin.pixelstrap.com/cuba/assets/js/animation/scroll-reveal/reveal-custom.js]
[admin.pixelstrap.com/cuba/template/scroll-reval.html]
[admin.pixelstrap.com/cuba/assets/css/vendors/aos.css]
[admin.pixelstrap.com/cuba/assets/images/big-masonry/1.jpg]
[admin.pixelstrap.com/cuba/assets/images/masonry/1.jpg]
[admin.pixelstrap.com/cuba/assets/images/big-masonry/2.jpg]
[admin.pixelstrap.com/cuba/assets/images/masonry/2.jpg]
[admin.pixelstrap.com/cuba/assets/images/big-masonry/3.jpg]
[admin.pixelstrap.com/cuba/assets/images/masonry/3.jpg]
[admin.pixelstrap.com/cuba/assets/images/big-masonry/4.jpg]
[admin.pixelstrap.com/cuba/assets/images/big-masonry/5.jpg]
[admin.pixelstrap.com/cuba/assets/images/big-masonry/6.jpg]
[admin.pixelstrap.com/cuba/assets/images/big-masonry/7.jpg]
[admin.pixelstrap.com/cuba/assets/images/masonry/7.jpg]
[admin.pixelstrap.com/cuba/assets/images/big-masonry/8.jpg]
[admin.pixelstrap.com/cuba/assets/images/masonry/8.jpg]
[admin.pixelstrap.com/cuba/assets/images/big-masonry/9.jpg]
[admin.pixelstrap.com/cuba/assets/images/masonry/9.jpg]
[admin.pixelstrap.com/cuba/assets/images/big-masonry/10.jpg]
[admin.pixelstrap.com/cuba/assets/images/masonry/10.jpg]
[admin.pixelstrap.com/cuba/assets/images/big-masonry/11.jpg]
[admin.pixelstrap.com/cuba/assets/images/masonry/11.jpg]
[admin.pixelstrap.com/cuba/assets/images/big-masonry/12.jpg]
[admin.pixelstrap.com/cuba/assets/images/masonry/12.jpg]
[admin.pixelstrap.com/cuba/assets/images/big-masonry/14.jpg]
[admin.pixelstrap.com/cuba/assets/images/masonry/14.jpg]
[admin.pixelstrap.com/cuba/assets/images/big-masonry/15.jpg]
[admin.pixelstrap.com/cuba/assets/images/masonry/15.jpg]
[admin.pixelstrap.com/cuba/assets/images/big-masonry/13.jpg]
[admin.pixelstrap.com/cuba/assets/js/isotope.pkgd.min.js]
[admin.pixelstrap.com/cuba/assets/js/animation/aos/aos.js]
[admin.pixelstrap.com/cuba/assets/js/animation/aos/aos-init.js]
[admin.pixelstrap.com/cuba/template/AOS.html]
[admin.pixelstrap.com/cuba/assets/js/animation/tilt/tilt.jquery.js]
[admin.pixelstrap.com/cuba/assets/js/animation/tilt/tilt-custom.js]
[admin.pixelstrap.com/cuba/template/tilt.html]
[admin.pixelstrap.com/cuba/assets/js/animation/wow/wow.min.js]
[admin.pixelstrap.com/cuba/assets/js/animation/wow/wow-init.js]
[admin.pixelstrap.com/cuba/template/wow.html]
[admin.pixelstrap.com/cuba/template/flash-icon.html]
[admin.pixelstrap.com/cuba/assets/js/icons/icons-notify.js]
[admin.pixelstrap.com/cuba/assets/js/icons/flag-icon-clipart.js]
[admin.pixelstrap.com/cuba/template/flag-icon.html]
[admin.pixelstrap.com/cuba/assets/js/icons/icon-clipart.js]
[admin.pixelstrap.com/cuba/template/font-awesome.html]
[admin.pixelstrap.com/cuba/template/ico-icon.html]
[admin.pixelstrap.com/cuba/template/themify-icon.html]
[admin.pixelstrap.com/cuba/assets/js/icons/feather-icon/feather-icon-clipart.js]
[admin.pixelstrap.com/cuba/template/feather-icon.html]
[admin.pixelstrap.com/cuba/assets/css/vendors/whether-icon.css]
[admin.pixelstrap.com/cuba/assets/js/icons/whether-icon-clipart.js]
[admin.pixelstrap.com/cuba/template/weather-icon.html]
[admin.pixelstrap.com/cuba/assets/js/bootstrap/popper.min.js]
[admin.pixelstrap.com/cuba/assets/js/custom-btn-ripple.js]
[admin.pixelstrap.com/cuba/template/buttons.html]
[admin.pixelstrap.com/cuba/template/chart-apex.html]
[admin.pixelstrap.com/cuba/assets/js/chart/apex-chart/chart-custom.js]
[admin.pixelstrap.com/cuba/assets/js/chart/google/google-chart-loader.js]
[admin.pixelstrap.com/cuba/template/chart-google.html]
[admin.pixelstrap.com/cuba/assets/js/chart/google/google-chart.js]
[admin.pixelstrap.com/cuba/assets/js/chart/sparkline/sparkline.js]
[admin.pixelstrap.com/cuba/template/chart-sparkline.html]
[admin.pixelstrap.com/cuba/assets/js/chart/sparkline/sparkline-script.js]
[admin.pixelstrap.com/cuba/assets/js/chart/flot-chart/excanvas.js]
[admin.pixelstrap.com/cuba/assets/js/chart/flot-chart/jquery.flot.js]
[admin.pixelstrap.com/cuba/assets/js/chart/flot-chart/jquery.flot.time.js]
[admin.pixelstrap.com/cuba/assets/js/chart/flot-chart/jquery.flot.categories.js]
[admin.pixelstrap.com/cuba/assets/js/chart/flot-chart/jquery.flot.stack.js]
[admin.pixelstrap.com/cuba/assets/js/chart/flot-chart/jquery.flot.pie.js]
[admin.pixelstrap.com/cuba/assets/js/chart/flot-chart/jquery.flot.symbol.js]
[admin.pixelstrap.com/cuba/assets/js/chart/flot-chart/flot-script.js]
[admin.pixelstrap.com/cuba/template/chart-flot.html]
[admin.pixelstrap.com/cuba/assets/js/chart/knob/knob.min.js]
[admin.pixelstrap.com/cuba/assets/js/chart/knob/knob-chart.js]
[admin.pixelstrap.com/cuba/template/chart-knob.html]
[admin.pixelstrap.com/cuba/assets/js/chart/morris-chart/morris.js]
[admin.pixelstrap.com/cuba/assets/js/chart/morris-chart/raphael.js]
[admin.pixelstrap.com/cuba/assets/js/chart/morris-chart/prettify.min.js]
[admin.pixelstrap.com/cuba/template/chart-morris.html]
[admin.pixelstrap.com/cuba/assets/js/chart/morris-chart/morris-script.js]
[admin.pixelstrap.com/cuba/assets/js/chart/chartjs/chart.min.js]
[admin.pixelstrap.com/cuba/template/chartjs.html]
[admin.pixelstrap.com/cuba/assets/js/chart/chartjs/chart.custom.js]
[admin.pixelstrap.com/cuba/assets/css/vendors/chartist.css]
[admin.pixelstrap.com/cuba/assets/js/chart/chartist/chartist.js]
[admin.pixelstrap.com/cuba/assets/js/chart/chartist/chartist-plugin-tooltip.js]
[admin.pixelstrap.com/cuba/template/chartist.html]
[admin.pixelstrap.com/cuba/assets/js/chart/chartist/chartist-custom.js]
[admin.pixelstrap.com/cuba/assets/js/chart/peity-chart/peity.jquery.js]
[admin.pixelstrap.com/cuba/assets/js/chart/peity-chart/peity-custom.js]
[admin.pixelstrap.com/cuba/template/chart-peity.html]
[admin.pixelstrap.com/cuba/assets/images/landing/landing_logo.png]
[admin.pixelstrap.com/cuba/assets/images/landing/icon/html/html.png]
[admin.pixelstrap.com/cuba/assets/images/landing/icon/angular/angular.png]
[admin.pixelstrap.com/cuba/assets/images/landing/icon/vue/vue.png]
[admin.pixelstrap.com/cuba/assets/images/landing/icon/laravel/laravel.png]
[admin.pixelstrap.com/cuba/assets/images/landing/icon/django/django.png]
[admin.pixelstrap.com/cuba/assets/images/landing/icon/react/react.png]
[admin.pixelstrap.com/cuba/assets/images/landing/icon/codeigniter/codeigniter-icon.png]
[admin.pixelstrap.com/cuba/assets/images/landing/stroke-icon/16.png]
[admin.pixelstrap.com/cuba/assets/images/landing/screen1.png]
[admin.pixelstrap.com/cuba/assets/images/landing/gifs/3.gif]
[admin.pixelstrap.com/cuba/assets/images/landing/gifs/4.gif]
[admin.pixelstrap.com/cuba/assets/images/landing/layout-images/dubai.jpg]
[admin.pixelstrap.com/cuba/assets/images/landing/layout-images/paris.jpg]
[admin.pixelstrap.com/cuba/template/index7a07.html]
[admin.pixelstrap.com/cuba/assets/images/landing/layout-images/los-angle.png]
[admin.pixelstrap.com/cuba/template/index75ed.html]
[admin.pixelstrap.com/cuba/assets/images/landing/layout-images/tokyo.jpg]
[admin.pixelstrap.com/cuba/template/indexc503.html]
[admin.pixelstrap.com/cuba/assets/images/landing/layout-images/moscow.jpg]
[admin.pixelstrap.com/cuba/template/index1075.html]
[admin.pixelstrap.com/cuba/assets/images/landing/layout-images/singapore.jpg]
[admin.pixelstrap.com/cuba/template/indexb0e1.html]
[admin.pixelstrap.com/cuba/assets/images/landing/layout-images/newyork.png]
[admin.pixelstrap.com/cuba/template/index1f7a.html]
[admin.pixelstrap.com/cuba/assets/images/landing/layout-images/barcelona.jpg]
[admin.pixelstrap.com/cuba/template/index0efa.html]
[admin.pixelstrap.com/cuba/assets/images/landing/layout-images/madrid.jpg]
[admin.pixelstrap.com/cuba/template/indexdd95.html]
[admin.pixelstrap.com/cuba/assets/images/landing/layout-images/rome.jpg]
[admin.pixelstrap.com/cuba/template/indexe15f.html]
[admin.pixelstrap.com/cuba/assets/images/landing/layout-images/seoul.jpg]
[admin.pixelstrap.com/cuba/template/index3e65.html]
[admin.pixelstrap.com/cuba/assets/images/landing/layout-images/landon.png]
[admin.pixelstrap.com/cuba/template/indexfae0.html]
[admin.pixelstrap.com/cuba/assets/images/landing/gifs/5.gif]
[admin.pixelstrap.com/cuba/assets/images/landing/social-app.jpg]
[admin.pixelstrap.com/cuba/assets/images/landing/knowlagebase-app.jpg]
[admin.pixelstrap.com/cuba/assets/images/landing/apps/kanban.jpg]
[admin.pixelstrap.com/cuba/assets/images/landing/ecommerce-app.jpg]
[admin.pixelstrap.com/cuba/assets/images/landing/apps/chat.jpg]
[admin.pixelstrap.com/cuba/assets/images/landing/apps/file.jpg]
[admin.pixelstrap.com/cuba/assets/images/landing/sale.png]
[admin.pixelstrap.com/cuba/assets/images/landing/gifs/6.gif]
[admin.pixelstrap.com/cuba/assets/images/landing/icon/next/next.png]
[admin.pixelstrap.com/cuba/assets/images/landing/icon/html/sass.png]
[admin.pixelstrap.com/cuba/assets/images/landing/icon/html/bootstrap.png]
[admin.pixelstrap.com/cuba/assets/images/landing/icon/html/pug.png]
[admin.pixelstrap.com/cuba/assets/images/landing/icon/html/npm.png]
[admin.pixelstrap.com/cuba/assets/images/landing/icon/html/gulp.png]
[admin.pixelstrap.com/cuba/assets/images/landing/icon/html/forms.png]
[admin.pixelstrap.com/cuba/assets/images/landing/icon/angular/6.png]
[admin.pixelstrap.com/cuba/assets/images/landing/icon/angular/7.png]
[admin.pixelstrap.com/cuba/assets/images/landing/icon/angular/8.png]
[admin.pixelstrap.com/cuba/assets/images/landing/icon/html/apps.png]
[admin.pixelstrap.com/cuba/assets/images/landing/icon/angular/10.png]
[admin.pixelstrap.com/cuba/assets/images/landing/icon/html/iconset.png]
[admin.pixelstrap.com/cuba/assets/images/landing/icon/html/layout.png]
[admin.pixelstrap.com/cuba/assets/images/landing/icon/html/uikits.png]
[admin.pixelstrap.com/cuba/assets/images/landing/icon/react/hook.png]
[admin.pixelstrap.com/cuba/assets/images/landing/icon/react/reactstrap.png]
[admin.pixelstrap.com/cuba/assets/images/landing/icon/react/noquery.png]
[admin.pixelstrap.com/cuba/assets/images/landing/icon/react/redux.png]
[admin.pixelstrap.com/cuba/assets/images/landing/icon/react/chat.png]
[admin.pixelstrap.com/cuba/assets/images/landing/icon/react/animation.png]
[admin.pixelstrap.com/cuba/assets/images/landing/icon/react/props_state.png]
[admin.pixelstrap.com/cuba/assets/images/landing/icon/react/reactrouter.png]
[admin.pixelstrap.com/cuba/assets/images/landing/icon/react/chart.png]
[admin.pixelstrap.com/cuba/assets/images/landing/icon/react/map.png]
[admin.pixelstrap.com/cuba/assets/images/landing/icon/react/gallery.png]
[admin.pixelstrap.com/cuba/assets/images/landing/icon/react/application.png]
[admin.pixelstrap.com/cuba/assets/images/landing/icon/angular/2.png]
[admin.pixelstrap.com/cuba/assets/images/landing/icon/angular/4.png]
[admin.pixelstrap.com/cuba/assets/images/landing/icon/angular/5.png]
[admin.pixelstrap.com/cuba/assets/images/landing/icon/angular/9.png]
[admin.pixelstrap.com/cuba/assets/images/landing/icon/angular/11.png]
[admin.pixelstrap.com/cuba/assets/images/landing/icon/angular/14.png]
[admin.pixelstrap.com/cuba/assets/images/landing/icon/vue/firebase.png]
[admin.pixelstrap.com/cuba/assets/images/landing/icon/vue/nojquery.png]
[admin.pixelstrap.com/cuba/assets/images/landing/icon/vue/vuebootstrap.png]
[admin.pixelstrap.com/cuba/assets/images/landing/icon/vue/vuex.png]
[admin.pixelstrap.com/cuba/assets/images/landing/icon/vue/chart.png]
[admin.pixelstrap.com/cuba/assets/images/landing/icon/vue/vueswiper.png]
[admin.pixelstrap.com/cuba/assets/images/landing/icon/vue/vuerouter.png]
[admin.pixelstrap.com/cuba/assets/images/landing/icon/vue/vuemasonary.png]
[admin.pixelstrap.com/cuba/assets/images/landing/icon/vue/vuecli.png]
[admin.pixelstrap.com/cuba/assets/images/landing/icon/vue/animation.png]
[admin.pixelstrap.com/cuba/assets/images/landing/icon/vue/rangeslider.png]
[admin.pixelstrap.com/cuba/assets/images/landing/icon/vue/rtlsupport.png]
[admin.pixelstrap.com/cuba/assets/images/landing/icon/django/css.png]
[admin.pixelstrap.com/cuba/assets/images/landing/icon/laravel/blade.png]
[admin.pixelstrap.com/cuba/assets/images/landing/icon/laravel/vite.png]
[admin.pixelstrap.com/cuba/assets/images/landing/icon/laravel/table.png]
[admin.pixelstrap.com/cuba/assets/images/landing/icon/django/bootstrap.png]
[admin.pixelstrap.com/cuba/assets/images/landing/icon/django/sass.png]
[admin.pixelstrap.com/cuba/assets/images/landing/icon/django/kit.png]
[admin.pixelstrap.com/cuba/assets/images/landing/icon/django/uikits.png]
[admin.pixelstrap.com/cuba/assets/images/landing/icon/django/layout.png]
[admin.pixelstrap.com/cuba/assets/images/landing/icon/django/builders.png]
[admin.pixelstrap.com/cuba/assets/images/landing/icon/django/iconset.png]
[admin.pixelstrap.com/cuba/assets/images/landing/icon/django/forms.png]
[admin.pixelstrap.com/cuba/assets/images/landing/icon/django/table.png]
[admin.pixelstrap.com/cuba/assets/images/landing/icon/django/apps.png]
[admin.pixelstrap.com/cuba/assets/images/landing/icon/flask/flask.png]
[admin.pixelstrap.com/cuba/assets/images/landing/icon/node/1.png]
[admin.pixelstrap.com/cuba/assets/images/landing/icon/node/2.png]
[admin.pixelstrap.com/cuba/assets/images/landing/icon/html/net-core.png]
[admin.pixelstrap.com/cuba/assets/images/landing/icon/html/mvc-pattern.png]
[admin.pixelstrap.com/cuba/assets/images/landing/icon/nuxt/swiper.png]
[admin.pixelstrap.com/cuba/assets/images/landing/icon/next/react-i18-next.png]
[admin.pixelstrap.com/cuba/assets/images/landing/icon/next/react-next.png]
[admin.pixelstrap.com/cuba/assets/images/landing/icon/next/login.png]
[admin.pixelstrap.com/cuba/assets/images/landing/icon/next/typescript.png]
[admin.pixelstrap.com/cuba/assets/images/landing/icon/svelte/1.png]
[admin.pixelstrap.com/cuba/assets/images/landing/icon/svelte/4.png]
[admin.pixelstrap.com/cuba/assets/images/landing/icon/svelte/3.png]
[admin.pixelstrap.com/cuba/assets/images/landing/cards.png]
[admin.pixelstrap.com/cuba/assets/images/landing/landings/1.jpg]
[admin.pixelstrap.com/cuba/assets/images/landing/landings/2.jpg]
[admin.pixelstrap.com/cuba/assets/images/landing/landings/3.jpg]
[admin.pixelstrap.com/cuba/assets/images/landing/landings/4.jpg]
[admin.pixelstrap.com/cuba/assets/images/landing/icon/wrong.png]
[admin.pixelstrap.com/cuba/assets/images/landing/feature-img.png]
[admin.pixelstrap.com/cuba/assets/js/jquery-3.5.1.min.js]
[admin.pixelstrap.com/cuba/assets/js/landing_sticky.js]
[admin.pixelstrap.com/cuba/assets/js/landing.js]
[admin.pixelstrap.com/cuba/assets/js/landing-slick.js]
[admin.pixelstrap.com/cuba/template/landing-page.html]
[admin.pixelstrap.com/cuba/template/sample-page.html]
[admin.pixelstrap.com/cuba/assets/js/jarallax_libs/libs.min.js]
[admin.pixelstrap.com/cuba/template/internationalization.html]
[admin.pixelstrap.com/cuba/template/error-403.html]
[admin.pixelstrap.com/cuba/template/error-404.html]
[admin.pixelstrap.com/cuba/template/error-500.html]
[admin.pixelstrap.com/cuba/assets/js/internationalization/language-picker.js]
[admin.pixelstrap.com/cuba/assets/images/login/2.jpg]
[admin.pixelstrap.com/cuba/template/login_one.html]
[admin.pixelstrap.com/cuba/assets/images/login/3.jpg]
[admin.pixelstrap.com/cuba/template/login_two.html]
[admin.pixelstrap.com/cuba/assets/images/login/1.jpg]
[admin.pixelstrap.com/cuba/template/login_three.html]
[admin.pixelstrap.com/cuba/template/login_with_tooltip.html]
[admin.pixelstrap.com/cuba/template/login_with_sweetalert.html]
[admin.pixelstrap.com/cuba/template/register_simple.html]
[admin.pixelstrap.com/cuba/template/register_with_bg_image.html]
[admin.pixelstrap.com/cuba/template/register_with_image_two.html]
[admin.pixelstrap.com/cuba/assets/images/login/signup.png]
[admin.pixelstrap.com/cuba/template/register_wizard.html]
[admin.pixelstrap.com/cuba/assets/js/form-wizard/form-wizard-four.js]
[admin.pixelstrap.com/cuba/assets/images/login/4.png]
[admin.pixelstrap.com/cuba/template/account-restricted.html]
[admin.pixelstrap.com/cuba/template/unlock.html]
[admin.pixelstrap.com/cuba/template/forgot-password.html]
[admin.pixelstrap.com/cuba/template/reset-password.html]
[admin.pixelstrap.com/cuba/template/maintenance.html]
[admin.pixelstrap.com/cuba/assets/js/countdown.js]
[admin.pixelstrap.com/cuba/template/comingsoon.html]
[admin.pixelstrap.com/cuba/assets/images/other-images/coming-soon-bg.jpg]
[admin.pixelstrap.com/cuba/template/comingsoon-bg-video.html]
[admin.pixelstrap.com/cuba/template/comingsoon-bg-img.html]
[admin.pixelstrap.com/cuba/template/basic-template.html]
[admin.pixelstrap.com/cuba/template/email-header.html]
[admin.pixelstrap.com/cuba/assets/images/email-template/1.jpg]
[admin.pixelstrap.com/cuba/assets/images/email-template/2.png]
[admin.pixelstrap.com/cuba/assets/images/email-template/7.png]
[admin.pixelstrap.com/cuba/assets/images/email-template/8.png]
[admin.pixelstrap.com/cuba/assets/images/email-template/cosmetic.jpg]
[admin.pixelstrap.com/cuba/assets/images/email-template/6.png]
[admin.pixelstrap.com/cuba/assets/images/email-template/5.png]
[admin.pixelstrap.com/cuba/template/template-email.html]
[admin.pixelstrap.com/cuba/assets/images/email-template/slider.jpg]
[admin.pixelstrap.com/cuba/assets/images/email-template/7.jpg]
[admin.pixelstrap.com/cuba/assets/images/email-template/8.jpg]
[admin.pixelstrap.com/cuba/assets/images/email-template/banner.jpg]
[admin.pixelstrap.com/cuba/assets/images/email-template/banner-2.jpg]
[admin.pixelstrap.com/cuba/assets/images/email-template/12.jpg]
[admin.pixelstrap.com/cuba/template/template-email-2.html]
[admin.pixelstrap.com/cuba/assets/images/email-template/delivery-2.png]
[admin.pixelstrap.com/cuba/assets/images/email-template/space.jpg]
[admin.pixelstrap.com/cuba/assets/images/email-template/1.png]
[admin.pixelstrap.com/cuba/template/ecommerce-templates.html]
[admin.pixelstrap.com/cuba/assets/images/email-template/delivery.png]
[admin.pixelstrap.com/cuba/assets/images/email-template/success.png]
[admin.pixelstrap.com/cuba/assets/images/email-template/order-success.png]
[admin.pixelstrap.com/cuba/template/email-order-success.html]
[admin.pixelstrap.com/cuba/assets/js/custom-copy-box.js]
[admin.pixelstrap.com/cuba/template/manage-api.html]
[admin.pixelstrap.com/cuba/template/sitemap.html]
[admin.pixelstrap.com/cuba/template/pricing.html]
[admin.pixelstrap.com/cuba/assets/images/faq/1.jpg]
[admin.pixelstrap.com/cuba/assets/images/faq/2.jpg]
[admin.pixelstrap.com/cuba/assets/images/faq/3.jpg]
[admin.pixelstrap.com/cuba/assets/images/faq/4.jpg]
[admin.pixelstrap.com/cuba/template/faq.html]
[admin.pixelstrap.com/cuba/template/subscribed-user.html]
[admin.pixelstrap.com/cuba/template/gallery.html]
[admin.pixelstrap.com/cuba/template/gallery-with-description.html]
[admin.pixelstrap.com/cuba/assets/js/masonry-gallery.js]
[admin.pixelstrap.com/cuba/template/gallery-masonry.html]
[admin.pixelstrap.com/cuba/template/masonry-gallery-with-disc.html]
[admin.pixelstrap.com/cuba/assets/images/big-lightgallry/017.jpg]
[admin.pixelstrap.com/cuba/assets/images/lightgallry/017.jpg]
[admin.pixelstrap.com/cuba/assets/images/big-lightgallry/018.jpg]
[admin.pixelstrap.com/cuba/assets/images/lightgallry/018.jpg]
[admin.pixelstrap.com/cuba/assets/images/big-lightgallry/019.jpg]
[admin.pixelstrap.com/cuba/assets/images/lightgallry/019.jpg]
[admin.pixelstrap.com/cuba/assets/images/big-lightgallry/020.jpg]
[admin.pixelstrap.com/cuba/assets/images/lightgallry/020.jpg]
[admin.pixelstrap.com/cuba/assets/images/big-lightgallry/021.jpg]
[admin.pixelstrap.com/cuba/assets/images/lightgallry/021.jpg]
[admin.pixelstrap.com/cuba/assets/images/big-lightgallry/022.jpg]
[admin.pixelstrap.com/cuba/assets/images/lightgallry/022.jpg]
[admin.pixelstrap.com/cuba/assets/images/big-lightgallry/023.jpg]
[admin.pixelstrap.com/cuba/assets/images/lightgallry/023.jpg]
[admin.pixelstrap.com/cuba/assets/images/big-lightgallry/024.jpg]
[admin.pixelstrap.com/cuba/assets/images/lightgallry/024.jpg]
[admin.pixelstrap.com/cuba/assets/images/big-lightgallry/025.jpg]
[admin.pixelstrap.com/cuba/assets/images/lightgallry/025.jpg]
[admin.pixelstrap.com/cuba/assets/images/big-lightgallry/026.jpg]
[admin.pixelstrap.com/cuba/assets/images/lightgallry/026.jpg]
[admin.pixelstrap.com/cuba/assets/images/big-lightgallry/027.jpg]
[admin.pixelstrap.com/cuba/assets/images/lightgallry/027.jpg]
[admin.pixelstrap.com/cuba/assets/images/big-lightgallry/028.jpg]
[admin.pixelstrap.com/cuba/assets/images/lightgallry/028.jpg]
[admin.pixelstrap.com/cuba/assets/images/big-lightgallry/029.jpg]
[admin.pixelstrap.com/cuba/assets/images/lightgallry/029.jpg]
[admin.pixelstrap.com/cuba/assets/images/big-lightgallry/030.jpg]
[admin.pixelstrap.com/cuba/assets/images/lightgallry/030.jpg]
[admin.pixelstrap.com/cuba/assets/images/big-lightgallry/031.jpg]
[admin.pixelstrap.com/cuba/assets/images/lightgallry/031.jpg]
[admin.pixelstrap.com/cuba/assets/images/big-lightgallry/032.jpg]
[admin.pixelstrap.com/cuba/assets/images/lightgallry/032.jpg]
[admin.pixelstrap.com/cuba/assets/images/big-lightgallry/033.jpg]
[admin.pixelstrap.com/cuba/assets/images/lightgallry/033.jpg]
[admin.pixelstrap.com/cuba/assets/images/big-lightgallry/034.jpg]
[admin.pixelstrap.com/cuba/assets/images/lightgallry/034.jpg]
[admin.pixelstrap.com/cuba/assets/images/big-lightgallry/035.jpg]
[admin.pixelstrap.com/cuba/assets/images/lightgallry/035.jpg]
[admin.pixelstrap.com/cuba/assets/images/big-lightgallry/036.jpg]
[admin.pixelstrap.com/cuba/assets/images/lightgallry/036.jpg]
[admin.pixelstrap.com/cuba/assets/images/big-lightgallry/037.jpg]
[admin.pixelstrap.com/cuba/assets/images/lightgallry/037.jpg]
[admin.pixelstrap.com/cuba/assets/images/big-lightgallry/038.jpg]
[admin.pixelstrap.com/cuba/assets/images/lightgallry/038.jpg]
[admin.pixelstrap.com/cuba/assets/images/big-lightgallry/039.jpg]
[admin.pixelstrap.com/cuba/assets/images/lightgallry/039.jpg]
[admin.pixelstrap.com/cuba/assets/images/big-lightgallry/040.jpg]
[admin.pixelstrap.com/cuba/assets/images/lightgallry/040.jpg]
[admin.pixelstrap.com/cuba/assets/images/big-lightgallry/041.jpg]
[admin.pixelstrap.com/cuba/assets/images/lightgallry/041.jpg]
[admin.pixelstrap.com/cuba/assets/images/big-lightgallry/042.jpg]
[admin.pixelstrap.com/cuba/assets/images/lightgallry/042.jpg]
[admin.pixelstrap.com/cuba/assets/images/big-lightgallry/043.jpg]
[admin.pixelstrap.com/cuba/assets/images/lightgallry/043.jpg]
[admin.pixelstrap.com/cuba/assets/images/big-lightgallry/044.jpg]
[admin.pixelstrap.com/cuba/assets/images/lightgallry/044.jpg]
[admin.pixelstrap.com/cuba/assets/images/big-lightgallry/045.jpg]
[admin.pixelstrap.com/cuba/assets/images/lightgallry/045.jpg]
[admin.pixelstrap.com/cuba/assets/images/big-lightgallry/046.jpg]
[admin.pixelstrap.com/cuba/assets/images/lightgallry/046.jpg]
[admin.pixelstrap.com/cuba/assets/images/big-lightgallry/047.jpg]
[admin.pixelstrap.com/cuba/assets/images/lightgallry/047.jpg]
[admin.pixelstrap.com/cuba/assets/images/big-lightgallry/048.jpg]
[admin.pixelstrap.com/cuba/assets/images/lightgallry/048.jpg]
[admin.pixelstrap.com/cuba/assets/images/big-lightgallry/049.jpg]
[admin.pixelstrap.com/cuba/assets/images/lightgallry/049.jpg]
[admin.pixelstrap.com/cuba/assets/images/big-lightgallry/050.jpg]
[admin.pixelstrap.com/cuba/assets/images/lightgallry/050.jpg]
[admin.pixelstrap.com/cuba/assets/images/big-lightgallry/051.jpg]
[admin.pixelstrap.com/cuba/assets/images/lightgallry/051.jpg]
[admin.pixelstrap.com/cuba/assets/images/big-lightgallry/052.jpg]
[admin.pixelstrap.com/cuba/assets/images/lightgallry/052.jpg]
[admin.pixelstrap.com/cuba/assets/images/big-lightgallry/053.jpg]
[admin.pixelstrap.com/cuba/assets/images/lightgallry/053.jpg]
[admin.pixelstrap.com/cuba/assets/images/big-lightgallry/054.jpg]
[admin.pixelstrap.com/cuba/assets/images/lightgallry/054.jpg]
[admin.pixelstrap.com/cuba/assets/images/big-lightgallry/055.jpg]
[admin.pixelstrap.com/cuba/assets/images/lightgallry/055.jpg]
[admin.pixelstrap.com/cuba/assets/images/big-lightgallry/056.jpg]
[admin.pixelstrap.com/cuba/assets/images/lightgallry/056.jpg]
[admin.pixelstrap.com/cuba/assets/images/big-lightgallry/057.jpg]
[admin.pixelstrap.com/cuba/assets/images/lightgallry/057.jpg]
[admin.pixelstrap.com/cuba/assets/images/big-lightgallry/058.jpg]
[admin.pixelstrap.com/cuba/assets/images/lightgallry/058.jpg]
[admin.pixelstrap.com/cuba/assets/images/big-lightgallry/059.jpg]
[admin.pixelstrap.com/cuba/assets/images/lightgallry/059.jpg]
[admin.pixelstrap.com/cuba/assets/images/big-lightgallry/060.jpg]
[admin.pixelstrap.com/cuba/assets/images/lightgallry/060.jpg]
[admin.pixelstrap.com/cuba/assets/images/big-lightgallry/061.jpg]
[admin.pixelstrap.com/cuba/assets/images/lightgallry/061.jpg]
[admin.pixelstrap.com/cuba/assets/images/big-lightgallry/062.jpg]
[admin.pixelstrap.com/cuba/assets/images/lightgallry/062.jpg]
[admin.pixelstrap.com/cuba/assets/images/big-lightgallry/063.jpg]
[admin.pixelstrap.com/cuba/assets/images/lightgallry/063.jpg]
[admin.pixelstrap.com/cuba/assets/images/big-lightgallry/064.jpg]
[admin.pixelstrap.com/cuba/assets/images/lightgallry/064.jpg]
[admin.pixelstrap.com/cuba/assets/images/big-lightgallry/065.jpg]
[admin.pixelstrap.com/cuba/assets/images/lightgallry/065.jpg]
[admin.pixelstrap.com/cuba/assets/images/big-lightgallry/066.jpg]
[admin.pixelstrap.com/cuba/assets/images/lightgallry/066.jpg]
[admin.pixelstrap.com/cuba/assets/images/big-lightgallry/067.jpg]
[admin.pixelstrap.com/cuba/assets/images/lightgallry/067.jpg]
[admin.pixelstrap.com/cuba/assets/images/big-lightgallry/068.jpg]
[admin.pixelstrap.com/cuba/assets/images/lightgallry/068.jpg]
[admin.pixelstrap.com/cuba/assets/images/big-lightgallry/069.jpg]
[admin.pixelstrap.com/cuba/assets/images/lightgallry/069.jpg]
[admin.pixelstrap.com/cuba/assets/images/big-lightgallry/070.jpg]
[admin.pixelstrap.com/cuba/assets/images/lightgallry/070.jpg]
[admin.pixelstrap.com/cuba/assets/images/big-lightgallry/071.jpg]
[admin.pixelstrap.com/cuba/assets/images/lightgallry/071.jpg]
[admin.pixelstrap.com/cuba/assets/images/big-lightgallry/072.jpg]
[admin.pixelstrap.com/cuba/assets/images/lightgallry/072.jpg]
[admin.pixelstrap.com/cuba/assets/images/big-lightgallry/073.jpg]
[admin.pixelstrap.com/cuba/assets/images/lightgallry/073.jpg]
[admin.pixelstrap.com/cuba/assets/images/big-lightgallry/074.jpg]
[admin.pixelstrap.com/cuba/assets/images/lightgallry/074.jpg]
[admin.pixelstrap.com/cuba/assets/images/big-lightgallry/075.jpg]
[admin.pixelstrap.com/cuba/assets/images/lightgallry/075.jpg]
[admin.pixelstrap.com/cuba/assets/images/big-lightgallry/076.jpg]
[admin.pixelstrap.com/cuba/assets/images/lightgallry/076.jpg]
[admin.pixelstrap.com/cuba/template/hover-effects.html]
[admin.pixelstrap.com/cuba/assets/js/custom-skeleton.js]
[admin.pixelstrap.com/cuba/template/gallery-with-placeholder.html]
[admin.pixelstrap.com/cuba/assets/images/blog/blog-2.jpg]
[admin.pixelstrap.com/cuba/assets/images/blog/blog-3.jpg]
[admin.pixelstrap.com/cuba/assets/images/blog/blog-5.jpg]
[admin.pixelstrap.com/cuba/assets/images/blog/blog-7.jpg]
[admin.pixelstrap.com/cuba/assets/images/blog/blog-8.jpg]
[admin.pixelstrap.com/cuba/assets/images/blog/blog-6.jpg]
[admin.pixelstrap.com/cuba/template/blog.html]
[admin.pixelstrap.com/cuba/assets/images/blog/blog-single.jpg]
[admin.pixelstrap.com/cuba/template/blog-details.html]
[admin.pixelstrap.com/cuba/assets/js/custom-add-product4.js]
[admin.pixelstrap.com/cuba/template/add-blog.html]
[admin.pixelstrap.com/cuba/assets/images/job-search/1.jpg]
[admin.pixelstrap.com/cuba/assets/images/job-search/2.jpg]
[admin.pixelstrap.com/cuba/assets/images/job-search/3.jpg]
[admin.pixelstrap.com/cuba/assets/images/job-search/4.jpg]
[admin.pixelstrap.com/cuba/assets/images/job-search/5.jpg]
[admin.pixelstrap.com/cuba/assets/images/job-search/6.jpg]
[admin.pixelstrap.com/cuba/template/job-cards-view.html]
[admin.pixelstrap.com/cuba/template/job-list-view.html]
[admin.pixelstrap.com/cuba/template/job-details.html]
[admin.pixelstrap.com/cuba/template/candidates.html]
[admin.pixelstrap.com/cuba/template/companies.html]
[admin.pixelstrap.com/cuba/template/job-apply.html]
[admin.pixelstrap.com/cuba/assets/images/faq/5.jpg]
[admin.pixelstrap.com/cuba/assets/images/faq/6.jpg]
[admin.pixelstrap.com/cuba/assets/images/faq/7.jpg]
[admin.pixelstrap.com/cuba/assets/images/faq/8.jpg]
[admin.pixelstrap.com/cuba/template/course-list-view.html]
[admin.pixelstrap.com/cuba/assets/images/faq/learning-1.png]
[admin.pixelstrap.com/cuba/template/course-details.html]
[admin.pixelstrap.com/cuba/assets/css/vendors/leaflet.css]
[admin.pixelstrap.com/cuba/assets/js/map-js/leaflet.js]
[admin.pixelstrap.com/cuba/assets/js/map-js/custom.js]
[admin.pixelstrap.com/cuba/assets/js/map-js/map-custom2.js]
[admin.pixelstrap.com/cuba/template/map-js.html]
[admin.pixelstrap.com/cuba/assets/css/vendors/vector-map.css]
[admin.pixelstrap.com/cuba/assets/js/vector-map/jquery-jvectormap-2.0.2.min.js]
[admin.pixelstrap.com/cuba/assets/js/vector-map/map/jquery-jvectormap-world-mill-en.js]
[admin.pixelstrap.com/cuba/assets/js/vector-map/map/jquery-jvectormap-us-aea-en.js]
[admin.pixelstrap.com/cuba/assets/js/vector-map/map/jquery-jvectormap-uk-mill-en.js]
[admin.pixelstrap.com/cuba/assets/js/vector-map/map/jquery-jvectormap-au-mill.js]
[admin.pixelstrap.com/cuba/assets/js/vector-map/map/jquery-jvectormap-chicago-mill-en.js]
[admin.pixelstrap.com/cuba/assets/js/vector-map/map/jquery-jvectormap-in-mill.js]
[admin.pixelstrap.com/cuba/assets/js/vector-map/map/jquery-jvectormap-asia-mill.js]
[admin.pixelstrap.com/cuba/assets/js/vector-map/map-vector.js]
[admin.pixelstrap.com/cuba/template/vector-map.html]
[admin.pixelstrap.com/cuba/assets/css/vendors/quill.bubble.css]
[admin.pixelstrap.com/cuba/assets/js/custom-add-product3.js]
[admin.pixelstrap.com/cuba/template/quilleditor.html]
[admin.pixelstrap.com/cuba/assets/js/editor/ckeditor/adapters/jquery.js]
[admin.pixelstrap.com/cuba/assets/js/editor/ckeditor/ckeditor.js]
[admin.pixelstrap.com/cuba/assets/js/editor/ckeditor/styles.js]
[admin.pixelstrap.com/cuba/assets/js/editor/ckeditor/ckeditor.custom.js]
[admin.pixelstrap.com/cuba/template/ckeditor.html]
[admin.pixelstrap.com/cuba/assets/js/editor/ace-editor/ace.js]
[admin.pixelstrap.com/cuba/assets/js/editor/ace-editor/ace-custom.js]
[admin.pixelstrap.com/cuba/assets/js/editor/ace-editor/mode-css.js]
[admin.pixelstrap.com/cuba/assets/js/editor/ace-editor/mode-html.js]
[admin.pixelstrap.com/cuba/assets/js/editor/ace-editor/mode-javascript.js]
[admin.pixelstrap.com/cuba/assets/js/editor/ace-editor/mode-php.js]
[admin.pixelstrap.com/cuba/assets/js/editor/ace-editor/theme-monokai.js]
[admin.pixelstrap.com/cuba/assets/js/editor/ace-editor/worker-css.js]
[admin.pixelstrap.com/cuba/assets/js/editor/ace-editor/worker-html.js]
[admin.pixelstrap.com/cuba/assets/js/editor/ace-editor/worker-javascript.js]
[admin.pixelstrap.com/cuba/template/ace-code-editor.html]
[admin.pixelstrap.com/cuba/assets/js/editor/ace-editor/worker-php.js]
[admin.pixelstrap.com/cuba/template/knowledgebase.html]
[admin.pixelstrap.com/cuba/assets/js/support-ticket-custom.js]
[admin.pixelstrap.com/cuba/template/support-ticket.html]
[admin.pixelstrap.com/cuba/assets/css/vendors/ajax-loader.html]
[admin.pixelstrap.com/cuba/assets/css/vendors/fonts/slick.html]
[admin.pixelstrap.com/cuba/assets/css/vendors/fonts/slickd41d.html]
[admin.pixelstrap.com/cuba/assets/css/vendors/fonts/slick-2.html]
[admin.pixelstrap.com/cuba/assets/css/vendors/fonts/slick-3.html]
[admin.pixelstrap.com/cuba/assets/css/vendors/fonts/slick-4.html]
[admin.pixelstrap.com/cuba/template/login-bs-tt-validation.html]
[admin.pixelstrap.com/cuba/template/login-sa-validation.html]
[admin.pixelstrap.com/cuba/template/sign-up-one.html]
[admin.pixelstrap.com/cuba/template/sign-up-two.html]
[admin.pixelstrap.com/cuba/template/sign-up-wizard.html]
[admin.pixelstrap.com/cuba/template/list-wish.html]
[admin.pixelstrap.com/cuba/assets/css/vendors/select/bootstrap-select.min.css]
[admin.pixelstrap.com/cuba/assets/css/vendors/quill.snow.css]
[admin.pixelstrap.com/cuba/assets/css/vendors/date-picker.css]
[admin.pixelstrap.com/cuba/template/list-products.html]
[admin.pixelstrap.com/cuba/assets/css/vendors/flatpickr/flatpickr.min.css]
[admin.pixelstrap.com/cuba/assets/css/vendors/vector-map1/jsvectormap.min.css]
[admin.pixelstrap.com/cuba/assets/css/vendors/swiper/swiper-bundle.min.css]
[admin.pixelstrap.com/cuba/assets/css/vendors/owlcarousel.css]
[admin.pixelstrap.com/cuba/assets/css/vendors/prism.css]
[admin.pixelstrap.com/cuba/template/projectcreate.html]
[admin.pixelstrap.com/cuba/template/root/index.html]
[admin.pixelstrap.com/cuba/assets/css/vendors/jkanban.min.css]
[admin.pixelstrap.com/cuba/template/scope-project.html]
[admin.pixelstrap.com/cuba/assets/images/dashboard-7/attendance/student-leader/user-1.jpg]
[admin.pixelstrap.com/cuba/assets/css/vendors/intltelinput.min.css]
[admin.pixelstrap.com/cuba/assets/css/vendors/tagify.css]
[admin.pixelstrap.com/cuba/assets/css/vendors/dropzone.min.css]
[admin.pixelstrap.com/cuba/assets/css/vendors/sweetalert2.css]
[admin.pixelstrap.com/cuba/assets/css/vendors/select2.css]
[admin.pixelstrap.com/cuba/assets/css/vendors/range-slider.css]
[admin.pixelstrap.com/cuba/assets/css/vendors/dataTables.bootstrap5.css]
[admin.pixelstrap.com/cuba/assets/css/vendors/autoFill.bootstrap5.css]
[admin.pixelstrap.com/cuba/assets/css/vendors/keyTable.bootstrap5.css]
[admin.pixelstrap.com/cuba/assets/css/vendors/buttons.bootstrap5.css]
[admin.pixelstrap.com/cuba/assets/css/vendors/fixedHeader.bootstrap5.css]
[admin.pixelstrap.com/cuba/assets/css/vendors/responsive.bootstrap5.css]
[admin.pixelstrap.com/cuba/assets/css/vendors/rowReorder.bootstrap5.css]
[admin.pixelstrap.com/cuba/assets/css/vendors/calendar.css]
[admin.pixelstrap.com/cuba/assets/images/lightgallry/default-skin.png]
[admin.pixelstrap.com/cuba/assets/css/vendors/photoswipe.css]
[admin.pixelstrap.com/cuba/template/sample.html]
[admin.pixelstrap.com/cuba/assets/images/js-grid.png]
[admin.pixelstrap.com/cuba/assets/css/vendors/jsgrid.css]
[admin.pixelstrap.com/cuba/assets/css/vendors/scrollable.css]
[admin.pixelstrap.com/cuba/assets/css/vendors/filepond.css]
[admin.pixelstrap.com/cuba/assets/css/vendors/filepond-plugin-image-preview.css]
[admin.pixelstrap.com/cuba/assets/css/vendors/tour.css]
[admin.pixelstrap.com/cuba/assets/css/vendors/animate.min.css]
[admin.pixelstrap.com/cuba/assets/css/vendors/image-cropper.css]
[admin.pixelstrap.com/cuba/template/cropped.html]
[admin.pixelstrap.com/cuba/assets/css/vendors/aos.css]
[admin.pixelstrap.com/cuba/assets/css/vendors/whether-icon.css]
[admin.pixelstrap.com/cuba/assets/css/vendors/chartist.css]
[admin.pixelstrap.com/cuba/template/index7a07.html]
[admin.pixelstrap.com/cuba/template/index75ed.html]
[admin.pixelstrap.com/cuba/template/indexc503.html]
[admin.pixelstrap.com/cuba/template/index1075.html]
[admin.pixelstrap.com/cuba/template/indexb0e1.html]
[admin.pixelstrap.com/cuba/template/index1f7a.html]
[admin.pixelstrap.com/cuba/template/index0efa.html]
[admin.pixelstrap.com/cuba/template/indexdd95.html]
[admin.pixelstrap.com/cuba/template/indexe15f.html]
[admin.pixelstrap.com/cuba/template/index3e65.html]
[admin.pixelstrap.com/cuba/template/indexfae0.html]
[admin.pixelstrap.com/cuba/assets/images/social-app/post-1.png]
[admin.pixelstrap.com/cuba/assets/images/masonry/4.jpg]
[admin.pixelstrap.com/cuba/assets/images/marker-icon.png]
[admin.pixelstrap.com/cuba/assets/css/vendors/leaflet.css]
[admin.pixelstrap.com/cuba/assets/css/vendors/vector-map.css]
[admin.pixelstrap.com/cuba/assets/css/vendors/quill.bubble.css]
[admin.pixelstrap.com/cuba/assets/images/knowledgebase/bg_1.jpg]
[admin.pixelstrap.com/cuba/template/knowledgebase.html]
[admin.pixelstrap.com/cuba/template/calendar-basic.html]
[admin.pixelstrap.com/cuba/template/search.html]
[admin.pixelstrap.com/cuba/template/error-400.html]
[admin.pixelstrap.com/cuba/template/error-401.html]
[admin.pixelstrap.com/cuba/template/error-503.html]
[admin.pixelstrap.com/cuba/template/login-bs-tt-validation.html]
[admin.pixelstrap.com/cuba/template/login-sa-validation.html]
[admin.pixelstrap.com/cuba/template/sign-up-one.html]
[admin.pixelstrap.com/cuba/template/sign-up-two.html]
[admin.pixelstrap.com/cuba/template/sign-up-wizard.html]
[admin.pixelstrap.com/cuba/template/gallery-hover.html]
[admin.pixelstrap.com/cuba/template/course-detailed.html]
[admin.pixelstrap.com/cuba/template/product-grid-view.html]
[admin.pixelstrap.com/cuba/template/scope-project.html]
[admin.pixelstrap.com/cuba/assets/css/img/flags.html]
[admin.pixelstrap.com/cuba/assets/css/img/flags@2x.html]
[admin.pixelstrap.com/cuba/assets/css/vendors/preloader.html]
[admin.pixelstrap.com/cuba/assets/css/vendors/images/layers.html]
[admin.pixelstrap.com/cuba/assets/css/vendors/images/layers-2x.html]
[admin.pixelstrap.com/cuba/assets/images/gif/time.gif]
